Workbook

Sheet Setup
A1: # | B1: Player | C1: HC Source | D1: Index | E1: Handicap | F1: Adjustment1 | G1: Penalty | H1: 9-Hole HC | I1: 18-Hole HC | J1: Par 3 HC | K1: Paid | L1: Adjustment | M1: Penalty | R1: =L2 -> Lifetime | S1: =L4 -> Rookie | T1: =L6 -> Champ | U1: =L8 -> Double Deuce | V1: =L10 -> 2X Champ | W1: =L12 -> 3X Champ | X1: Total
A2: 1 | B2: Mil | D2: 13.5 | E2: =D2*(1+$C$36) -> 14.885841 | F2: Champ | G2: =IF(SUM(R2:W2)<0,SUM(R2:W2),0) -> -3 | H2: =IF((E2+G2)>C$37,(0.5*C$37),(E2+G2)/2) -> 5.9429204 | I2: =IF((E2+G2)>C$37,C$37,E2+G2) -> 11.885841 | J2: =ROUND(I2*0.375,0) -> 4 | K2: 100 | L2: Lifetime | M2: -1 | O2: =Scramble!B6 -> Gerald C | P2: =Scramble!A10 -> 18.025 | R2: =IF($F2=R$1,$M$2,"") | S2: =IF($F2=S$1,$E2*$M$4,"") | T2: =IF($F2=T$1,$M$6,"") -> -3 | U2: =IF($F2=U$1,$E2*$M$8,"") | V2: =IF($F2=V$1,$M$10,"") | W2: =IF($F2=W$1,$M$12,"") | X2: =SUM(R2:W2) -> -3
B3: =ROUND(H2,0) -> 6 | R3: =IF($F3=R$1,$M$2,"") | S3: =IF($F3=S$1,$E3*$M$4,"") | T3: =IF($F3=T$1,$M$6,"") | U3: =IF($F3=U$1,$E3*$M$8,"") | V3: =IF($F3=V$1,$M$10,"") | X3: =SUM(R3:W3) -> 0
A4: 2 | B4: John | D4: 12.6 | E4: =D4*(1+$C$36) -> 13.893451 | G4: =IF(SUM(R4:W4)<0,SUM(R4:W4),0) -> 0 | H4: =IF((E4+G4)>C$37,(0.5*C$37),(E4+G4)/2) -> 6.9467257 | I4: =IF((E4+G4)>C$37,C$37,E4+G4) -> 13.893451 | J4: =ROUND(I4*0.375,0) -> 5 | K4: 100 | L4: Rookie | M4: -0.2 | O4: =Scramble!B8 -> Rick | R4: =IF($F4=R$1,$M$2,"") | S4: =IF($F4=S$1,$E4*$M$4,"") | T4: =IF($F4=T$1,$M$6,"") | U4: =IF($F4=U$1,$E4*$M$8,"") | V4: =IF($F4=V$1,$M$10,"") | W4: =IF($F4=W$1,$M$12,"") | X4: =SUM(R4:W4) -> 0
B5: =ROUND(H4,0) -> 7 | R5: =IF($F5=R$1,$M$2,"") | S5: =IF($F5=S$1,$E5*$M$4,"") | T5: =IF($F5=T$1,$M$6,"") | U5: =IF($F5=U$1,$E5*$M$8,"") | V5: =IF($F5=V$1,$M$10,"") | X5: =SUM(R5:W5) -> 0
A6: 3 | B6: Brian P | D6: 13.5 | E6: =D6*(1+$C$36) -> 14.885841 | F6: Rookie | G6: =IF(SUM(R6:W6)<0,SUM(R6:W6),0) -> -2.9771681 | H6: =IF((E6+G6)>C$37,(0.5*C$37),(E6+G6)/2) -> 5.9543363 | I6: =IF((E6+G6)>C$37,C$37,E6+G6) -> 11.908673 | J6: =ROUND(I6*0.375,0) -> 4 | K6: 100 | L6: Champ | M6: -3 | O6: =Scramble!B10 -> Patrick | R6: =IF($F6=R$1,$M$2,"") | S6: =IF($F6=S$1,$E6*$M$4,"") -> -2.9771681 | T6: =IF($F6=T$1,$M$6,"") | U6: =IF($F6=U$1,$E6*$M$8,"") | V6: =IF($F6=V$1,$M$10,"") | W6: =IF($F6=W$1,$M$12,"") | X6: =SUM(R6:W6) -> -2.9771681
B7: =ROUND(H6,0) -> 6 | R7: =IF($F7=R$1,$M$2,"") | S7: =IF($F7=S$1,$E7*$M$4,"") | T7: =IF($F7=T$1,$M$6,"") | U7: =IF($F7=U$1,$E7*$M$8,"") | V7: =IF($F7=V$1,$M$10,"") | X7: =SUM(R7:W7) -> 0
A8: 4 | B8: Pat | D8: 11.7 | E8: =D8*(1+$C$36) -> 12.901062 | G8: =IF(SUM(R8:W8)<0,SUM(R8:W8),0) -> 0 | H8: =IF((E8+G8)>C$37,(0.5*C$37),(E8+G8)/2) -> 6.450531 | I8: =IF((E8+G8)>C$37,C$37,E8+G8) -> 12.901062 | J8: =ROUND(I8*0.375,0) -> 5 | K8: 100 | L8: Double Deuce | M8: -0.15 | O8: =Scramble!B12 -> Brian P | R8: =IF($F8=R$1,$M$2,"") | S8: =IF($F8=S$1,$E8*$M$4,"") | T8: =IF($F8=T$1,$M$6,"") | U8: =IF($F8=U$1,$E8*$M$8,"") | V8: =IF($F8=V$1,$M$10,"") | W8: =IF($F8=W$1,$M$12,"") | X8: =SUM(R8:W8) -> 0
B9: =ROUND(H8,0) -> 6 | R9: =IF($F9=R$1,$M$2,"") | S9: =IF($F9=S$1,$E9*$M$4,"") | T9: =IF($F9=T$1,$M$6,"") | U9: =IF($F9=U$1,$E9*$M$8,"") | V9: =IF($F9=V$1,$M$10,"") | X9: =SUM(R9:W9) -> 0
A10: 5 | B10: Rick | D10: 13.5 | E10: =D10*(1+$C$36) -> 14.885841 | G10: =IF(SUM(R10:W10)<0,SUM(R10:W10),0) -> 0 | H10: =IF((E10+G10)>C$37,(0.5*C$37),(E10+G10)/2) -> 7.4429204 | I10: =IF((E10+G10)>C$37,C$37,E10+G10) -> 14.885841 | J10: =ROUND(I10*0.375,0) -> 6 | K10: 100 | L10: 2X Champ | M10: -4 | O10: =Scramble!B14 -> Pat | P10: =Scramble!A18 -> 18.25 | R10: =IF($F10=R$1,$M$2,"") | S10: =IF($F10=S$1,$E10*$M$4,"") | T10: =IF($F10=T$1,$M$6,"") | U10: =IF($F10=U$1,$E10*$M$8,"") | V10: =IF($F10=V$1,$M$10,"") | W10: =IF($F10=W$1,$M$12,"") | X10: =SUM(R10:W10) -> 0
B11: =ROUND(H10,0) -> 7 | R11: =IF($F11=R$1,$M$2,"") | S11: =IF($F11=S$1,$E11*$M$4,"") | T11: =IF($F11=T$1,$M$6,"") | U11: =IF($F11=U$1,$E11*$M$8,"") | V11: =IF($F11=V$1,$M$10,"") | X11: =SUM(R11:W11) -> 0
A12: 6 | B12: Keith | D12: 29.8 | E12: =D12*(1+$C$36) -> 32.859115 | G12: =IF(SUM(R12:W12)<0,SUM(R12:W12),0) -> 0 | H12: =IF((E12+G12)>C$37,(0.5*C$37),(E12+G12)/2) -> 16 | I12: =IF((E12+G12)>C$37,C$37,E12+G12) -> 32 | J12: =ROUND(I12*0.375,0) -> 12 | K12: 100 | L12: 3X Champ | M12: -5 | O12: =Scramble!B16 -> Hunter | R12: =IF($F12=R$1,$M$2,"") | S12: =IF($F12=S$1,$E12*$M$4,"") | T12: =IF($F12=T$1,$M$6,"") | U12: =IF($F12=U$1,$E12*$M$8,"") | V12: =IF($F12=V$1,$M$10,"") | W12: =IF($F12=W$1,$M$12,"") | X12: =SUM(R12:W12) -> 0
B13: =ROUND(H12,0) -> 16 | R13: =IF($F13=R$1,$M$2,"") | S13: =IF($F13=S$1,$E13*$M$4,"") | T13: =IF($F13=T$1,$M$6,"") | U13: =IF($F13=U$1,$E13*$M$8,"") | V13: =IF($F13=V$1,$M$10,"") | X13: =SUM(R13:W13) -> 0
A14: 7 | B14: Tony W | D14: 22.1 | E14: =D14*(1+$C$36) -> 24.368673 | F14: Rookie | G14: =IF(SUM(R14:W14)<0,SUM(R14:W14),0) -> -4.8737345 | H14: =IF((E14+G14)>C$37,(0.5*C$37),(E14+G14)/2) -> 9.747469 | I14: =IF((E14+G14)>C$37,C$37,E14+G14) -> 19.494938 | J14: =ROUND(I14*0.375,0) -> 7 | K14: 100 | O14: =Scramble!B18 -> Bob | R14: =IF($F14=R$1,$M$2,"") | S14: =IF($F14=S$1,$E14*$M$4,"") -> -4.8737345 | T14: =IF($F14=T$1,$M$6,"") | U14: =IF($F14=U$1,$E14*$M$8,"") | V14: =IF($F14=V$1,$M$10,"") | W14: =IF($F14=W$1,$M$12,"") | X14: =SUM(R14:W14) -> -4.8737345
B15: =ROUND(H14,0) -> 10 | R15: =IF($F15=R$1,$M$2,"") | S15: =IF($F15=S$1,$E15*$M$4,"") | T15: =IF($F15=T$1,$M$6,"") | U15: =IF($F15=U$1,$E15*$M$8,"") | V15: =IF($F15=V$1,$M$10,"") | X15: =SUM(R15:W15) -> 0
A16: 8 | B16: Manny | D16: 25.2 | E16: =D16*(1+$C$36) -> 27.786903 | G16: =IF(SUM(R16:W16)<0,SUM(R16:W16),0) -> 0 | H16: =IF((E16+G16)>C$37,(0.5*C$37),(E16+G16)/2) -> 13.893451 | I16: =IF((E16+G16)>C$37,C$37,E16+G16) -> 27.786903 | J16: =ROUND(I16*0.375,0) -> 10 | K16: 100 | O16: =Scramble!B20 -> Keith | R16: =IF($F16=R$1,$M$2,"") | S16: =IF($F16=S$1,$E16*$M$4,"") | T16: =IF($F16=T$1,$M$6,"") | U16: =IF($F16=U$1,$E16*$M$8,"") | V16: =IF($F16=V$1,$M$10,"") | W16: =IF($F16=W$1,$M$12,"") | X16: =SUM(R16:W16) -> 0
B17: =ROUND(H16,0) -> 14 | R17: =IF($F17=R$1,$M$2,"") | S17: =IF($F17=S$1,$E17*$M$4,"") | T17: =IF($F17=T$1,$M$6,"") | U17: =IF($F17=U$1,$E17*$M$8,"") | V17: =IF($F17=V$1,$M$10,"") | X17: =SUM(R17:W17) -> 0
A18: 9 | B18: Tommy | D18: 9.4 | E18: =D18*(1+$C$36) -> 10.364956 | G18: =IF(SUM(R18:W18)<0,SUM(R18:W18),0) -> 0 | H18: =IF((E18+G18)>C$37,(0.5*C$37),(E18+G18)/2) -> 5.1824779 | I18: =IF((E18+G18)>C$37,C$37,E18+G18) -> 10.364956 | J18: =ROUND(I18*0.375,0) -> 4 | K18: 100 | O18: =Scramble!B22 -> John | P18: =Scramble!A26 -> 17.725 | R18: =IF($F18=R$1,$M$2,"") | S18: =IF($F18=S$1,$E18*$M$4,"") | T18: =IF($F18=T$1,$M$6,"") | U18: =IF($F18=U$1,$E18*$M$8,"") | V18: =IF($F18=V$1,$M$10,"") | W18: =IF($F18=W$1,$M$12,"") | X18: =SUM(R18:W18) -> 0
B19: =ROUND(H18,0) -> 5 | R19: =IF($F19=R$1,$M$2,"") | S19: =IF($F19=S$1,$E19*$M$4,"") | T19: =IF($F19=T$1,$M$6,"") | U19: =IF($F19=U$1,$E19*$M$8,"") | V19: =IF($F19=V$1,$M$10,"") | X19: =SUM(R19:W19) -> 0
A20: 10 | B20: Dave | D20: 8.8 | E20: =D20*(1+$C$36) -> 9.7033628 | G20: =IF(SUM(R20:W20)<0,SUM(R20:W20),0) -> 0 | H20: =IF((E20+G20)>C$37,(0.5*C$37),(E20+G20)/2) -> 4.8516814 | I20: =IF((E20+G20)>C$37,C$37,E20+G20) -> 9.7033628 | J20: =ROUND(I20*0.375,0) -> 4 | K20: 100 | O20: =Scramble!B24 -> Manny | R20: =IF($F20=R$1,$M$2,"") | S20: =IF($F20=S$1,$E20*$M$4,"") | T20: =IF($F20=T$1,$M$6,"") | U20: =IF($F20=U$1,$E20*$M$8,"") | V20: =IF($F20=V$1,$M$10,"") | W20: =IF($F20=W$1,$M$12,"") | X20: =SUM(R20:W20) -> 0
B21: =ROUND(H20,0) -> 5 | R21: =IF($F21=R$1,$M$2,"") | S21: =IF($F21=S$1,$E21*$M$4,"") | T21: =IF($F21=T$1,$M$6,"") | U21: =IF($F21=U$1,$E21*$M$8,"") | V21: =IF($F21=V$1,$M$10,"") | X21: =SUM(R21:W21) -> 0
A22: 11 | B22: Hunter | D22: 13.4 | E22: =D22*(1+$C$36) -> 14.775575 | G22: =IF(SUM(R22:W22)<0,SUM(R22:W22),0) -> 0 | H22: =IF((E22+G22)>C$37,(0.5*C$37),(E22+G22)/2) -> 7.3877876 | I22: =IF((E22+G22)>C$37,C$37,E22+G22) -> 14.775575 | J22: =ROUND(I22*0.375,0) -> 6 | K22: 100 | O22: =Scramble!B26 -> Brian S | R22: =IF($F22=R$1,$M$2,"") | S22: =IF($F22=S$1,$E22*$M$4,"") | T22: =IF($F22=T$1,$M$6,"") | U22: =IF($F22=U$1,$E22*$M$8,"") | V22: =IF($F22=V$1,$M$10,"") | W22: =IF($F22=W$1,$M$12,"") | X22: =SUM(R22:W22) -> 0
B23: =ROUND(H22,0) -> 7 | R23: =IF($F23=R$1,$M$2,"") | S23: =IF($F23=S$1,$E23*$M$4,"") | T23: =IF($F23=T$1,$M$6,"") | U23: =IF($F23=U$1,$E23*$M$8,"") | V23: =IF($F23=V$1,$M$10,"") | X23: =SUM(R23:W23) -> 0
A24: 12 | B24: Gerald C | D24: 27.6 | E24: =D24*(1+$C$36) -> 30.433274 | F24: Rookie | G24: =IF(SUM(R24:W24)<0,SUM(R24:W24),0) -> -6.0866549 | H24: =IF((E24+G24)>C$37,(0.5*C$37),(E24+G24)/2) -> 12.17331 | I24: =IF((E24+G24)>C$37,C$37,E24+G24) -> 24.346619 | J24: =ROUND(I24*0.375,0) -> 9 | K24: 100 | O24: =Scramble!B28 -> Tommy | R24: =IF($F24=R$1,$M$2,"") | S24: =IF($F24=S$1,$E24*$M$4,"") -> -6.0866549 | T24: =IF($F24=T$1,$M$6,"") | U24: =IF($F24=U$1,$E24*$M$8,"") | V24: =IF($F24=V$1,$M$10,"") | W24: =IF($F24=W$1,$M$12,"") | X24: =SUM(R24:W24) -> -6.0866549
B25: =ROUND(H24,0) -> 12 | R25: =IF($F25=R$1,$M$2,"") | S25: =IF($F25=S$1,$E25*$M$4,"") | T25: =IF($F25=T$1,$M$6,"") | U25: =IF($F25=U$1,$E25*$M$8,"") | V25: =IF($F25=V$1,$M$10,"") | X25: =SUM(R25:W25) -> 0
A26: 13 | B26: Bob | D26: 18.1 | E26: =D26*(1+$C$36) -> 19.958053 | G26: =IF(SUM(R26:W26)<0,SUM(R26:W26),0) -> 0 | H26: =IF((E26+G26)>C$37,(0.5*C$37),(E26+G26)/2) -> 9.9790265 | I26: =IF((E26+G26)>C$37,C$37,E26+G26) -> 19.958053 | J26: =ROUND(I26*0.375,0) -> 7 | K26: 100 | O26: =Scramble!B30 -> Mil | P26: =Scramble!A34 -> 17.875 | R26: =IF($F26=R$1,$M$2,"") | S26: =IF($F26=S$1,$E26*$M$4,"") | T26: =IF($F26=T$1,$M$6,"") | U26: =IF($F26=U$1,$E26*$M$8,"") | V26: =IF($F26=V$1,$M$10,"") | W26: =IF($F26=W$1,$M$12,"") | X26: =SUM(R26:W26) -> 0
B27: =ROUND(H26,0) -> 10 | R27: =IF($F27=R$1,$M$2,"") | S27: =IF($F27=S$1,$E27*$M$4,"") | T27: =IF($F27=T$1,$M$6,"") | U27: =IF($F27=U$1,$E27*$M$8,"") | V27: =IF($F27=V$1,$M$10,"") | X27: =SUM(R27:W27) -> 0
A28: 14 | B28: Patrick | D28: 17.5 | E28: =D28*(1+$C$36) -> 19.29646 | F28: Rookie | G28: =IF(SUM(R28:W28)<0,SUM(R28:W28),0) -> -3.859292 | H28: =IF((E28+G28)>C$37,(0.5*C$37),(E28+G28)/2) -> 7.7185841 | I28: =IF((E28+G28)>C$37,C$37,E28+G28) -> 15.437168 | J28: =ROUND(I28*0.375,0) -> 6 | K28: 100 | O28: =Scramble!B32 -> Dave | R28: =IF($F28=R$1,$M$2,"") | S28: =IF($F28=S$1,$E28*$M$4,"") -> -3.859292 | T28: =IF($F28=T$1,$M$6,"") | U28: =IF($F28=U$1,$E28*$M$8,"") | V28: =IF($F28=V$1,$M$10,"") | W28: =IF($F28=W$1,$M$12,"") | X28: =SUM(R28:W28) -> -3.859292
B29: =ROUND(H28,0) -> 8 | R29: =IF($F29=R$1,$M$2,"") | S29: =IF($F29=S$1,$E29*$M$4,"") | T29: =IF($F29=T$1,$M$6,"") | U29: =IF($F29=U$1,$E29*$M$8,"") | V29: =IF($F29=V$1,$M$10,"") | X29: =SUM(R29:W29) -> 0
A30: 15 | B30: Brian S | D30: 23.7 | E30: =D30*(1+$C$36) -> 26.13292 | G30: =IF(SUM(R30:W30)<0,SUM(R30:W30),0) -> 0 | H30: =IF((E30+G30)>C$37,(0.5*C$37),(E30+G30)/2) -> 13.06646 | I30: =IF((E30+G30)>C$37,C$37,E30+G30) -> 26.13292 | J30: =ROUND(I30*0.375,0) -> 10 | K30: 100 | O30: =Scramble!B34 -> Tony W | R30: =IF($F30=R$1,$M$2,"") | S30: =IF($F30=S$1,$E30*$M$4,"") | T30: =IF($F30=T$1,$M$6,"") | U30: =IF($F30=U$1,$E30*$M$8,"") | V30: =IF($F30=V$1,$M$10,"") | W30: =IF($F30=W$1,$M$12,"") | X30: =SUM(R30:W30) -> 0
B31: =ROUND(H30,0) -> 13 | R31: =IF($F31=R$1,$M$2,"") | S31: =IF($F31=S$1,$E31*$M$4,"") | T31: =IF($F31=T$1,$M$6,"") | U31: =IF($F31=U$1,$E31*$M$8,"") | V31: =IF($F31=V$1,$M$10,"") | X31: =SUM(R31:W31) -> 0
A32: 16 | B32: Chris | D32: 27.1 | E32: =D32*(1+$C$36) -> 29.881947 | G32: =IF(SUM(R32:W32)<0,SUM(R32:W32),0) -> 0 | H32: =IF((E32+G32)>C$37,(0.5*C$37),(E32+G32)/2) -> 14.940973 | I32: =IF((E32+G32)>C$37,C$37,E32+G32) -> 29.881947 | J32: =ROUND(I32*0.375,0) -> 11 | K32: 100 | O32: =Scramble!B36 -> Chris | R32: =IF($F32=R$1,$M$2,"") | S32: =IF($F32=S$1,$E32*$M$4,"") | T32: =IF($F32=T$1,$M$6,"") | U32: =IF($F32=U$1,$E32*$M$8,"") | V32: =IF($F32=V$1,$M$10,"") | W32: =IF($F32=W$1,$M$12,"") | X32: =SUM(R32:W32) -> 0
B33: =ROUND(H32,0) -> 15 | R33: =IF($F33=R$1,$M$2,"") | S33: =IF($F33=S$1,$E33*$M$4,"") | T33: =IF($F33=T$1,$M$6,"") | U33: =IF($F33=U$1,$E33*$M$8,"") | V33: =IF($F33=V$1,$M$10,"") | X33: =SUM(R33:W33) -> 0
R34: =IF($F34=R$1,$M$2,"") | T34: =IF($F34=T$1,$M$6,"") | U34: =IF($F34=U$1,$D34*$M$8,"") | V34: =IF($F34=V$1,$M$10,"")
O35: Avg | P35: =AVERAGE(D2:D32) -> 17.96875 | R35: =IF($E35=R$1,$M$2,"") | T35: =IF($E35=T$1,$M$6,"") | U35: =IF($E35=U$1,$D35*$M$8,"") | V35: =IF($E35=V$1,$M$10,"")
B36: Index to HC Conversion | C36: =(F36/F37)-1 -> 0.10265487 | E36: Avg Course Slope | F36: =AVERAGE(Courses!A11,Courses!A21,Courses!A31,Courses!A41,Courses!A62) -> 124.6 | V36: =IF($E36=V$1,$M$10,"")
B37: Max Handicap | C37: 32 | E37: Avg Slope | F37: 113
B41: Total | C41: =SUM(K2:K33)-SUM(C42:C45)-(SUM(F41:F45)*5) -> 0 | E41: Long Drive | F41: 20
B42: Winner | C42: 700 | E42: Closest to Pin | F42: 20
B43: 2nd Place | C43: 350 | E43: Long Putt | F43: 20
B44: 3rd Place | C44: 150 | E44: Secret Snowman | F44: 20
B45: 4th Place | E45: Closest to Pin
B48: Stroke Play Points | C48: Total | E48: Scramble Points | F48: Total
B49: 1st Place | C49: 12 | E49: 1st Place | F49: 3
B50: 2nd Place | C50: 10 | E50: 2nd Place | F50: 2
B51: 3rd Place | C51: 8.5 | E51: 3rd Place | F51: 1
B52: 4th Place | C52: 7.25 | E52: 4th Place | F52: 0
B53: 5th Place | C53: 6
B54: 6th Place | C54: 5
B55: 7th Place | C55: 4
B56: 8th Place | C56: 3
B57: 9th Place | C57: 0
B58: 10th Place | C58: 0
B59: 11th Place | C59: 0
B60: 12th Place | C60: 0
B61: 13th Place | C61: 0
B62: 14th Place | C62: 0
B63: 15th Place | C63: 0
B64: 16th Place | C64: 0

Sheet Courses
B1: Long Drive
B2: Closest to Pin
B3: Long Putt
A5: Eagle Mountain
A6: Tees | B6: Front 9 | C6: 1 | D6: 2 | E6: 3 | F6: 4 | G6: 5 | H6: 6 | I6: 7 | J6: 8 | K6: 9
A7: Green | B7: Par | C7: 5 | D7: 4 | E7: 3 | F7: 5 | G7: 3 | H7: 4 | I7: 4 | J7: 3 | K7: 4 | L7: =SUM(C7:K7) -> 35
A8: Yardage | B8: Handicap | C8: 11 | D8: 5 | E8: 9 | F8: 13 | G8: 15 | H8: 7 | I8: 1 | J8: 17 | K8: 3
A9: 6269
A10: Slope | B10: Back 9 | C10: 10 | D10: 11 | E10: 12 | F10: 13 | G10: 14 | H10: 15 | I10: 16 | J10: 17 | K10: 18
A11: 127 | B11: Par | C11: 5 | D11: 4 | E11: 5 | F11: 3 | G11: 4 | H11: 3 | I11: 4 | J11: 4 | K11: 4 | L11: =SUM(C11:K11) -> 36
B12: Handicap | C12: 12 | D12: 4 | E12: 14 | F12: 10 | G12: 2 | H12: 18 | I12: 8 | J12: 6 | K12: 16
A15: Wekopa Cholla
A16: Tees | B16: Front 9 | C16: 1 | D16: 2 | E16: 3 | F16: 4 | G16: 5 | H16: 6 | I16: 7 | J16: 8 | K16: 9
A17: White | B17: Par | C17: 4 | D17: 5 | E17: 3 | F17: 4 | G17: 3 | H17: 4 | I17: 4 | J17: 5 | K17: 4 | L17: =SUM(C17:K17) -> 36
A18: Yardage | B18: Handicap | C18: 13 | D18: 3 | E18: 17 | F18: 9 | G18: 15 | H18: 7 | I18: 11 | J18: 1 | K18: 5
A19: 6114
A20: Slope | B20: Back 9 | C20: 10 | D20: 11 | E20: 12 | F20: 13 | G20: 14 | H20: 15 | I20: 16 | J20: 17 | K20: 18
A21: 119 | B21: Par | C21: 5 | D21: 3 | E21: 4 | F21: 4 | G21: 3 | H21: 4 | I21: 4 | J21: 5 | K21: 4 | L21: =SUM(C21:K21) -> 36
B22: Handicap | C22: 4 | D22: 16 | E22: 10 | F22: 12 | G22: 18 | H22: 14 | I22: 6 | J22: 2 | K22: 8
A25: Wekopa Saguaro
A26: Tees | B26: Front 9 | C26: 1 | D26: 2 | E26: 3 | F26: 4 | G26: 5 | H26: 6 | I26: 7 | J26: 8 | K26: 9
A27: White | B27: Par | C27: 4 | D27: 4 | E27: 4 | F27: 5 | G27: 3 | H27: 4 | I27: 4 | J27: 5 | K27: 3 | L27: =SUM(C27:K27) -> 36
A28: Yardage | B28: Handicap | C28: 5 | D28: 11 | E28: 9 | F28: 1 | G28: 15 | H28: 7 | I28: 13 | J28: 3 | K28: 9 | L28: 17
A29: 6252
A30: Slope | B30: Back 9 | C30: 10 | D30: 11 | E30: 12 | F30: 13 | G30: 14 | H30: 15 | I30: 16 | J30: 17 | K30: 18
A31: 125 | B31: Par | C31: 4 | D31: 3 | E31: 4 | F31: 4 | G31: 5 | H31: 3 | I31: 4 | J31: 4 | K31: 4 | L31: =SUM(C31:K31) -> 35
B32: Handicap | C32: 8 | D32: 14 | E32: 2 | F32: 6 | G32: 12 | H32: 18 | I32: 16 | J32: 4 | K32: 10
A35: Kierland A/M
A36: Tees | B36: Front 9 | C36: 1 | D36: 2 | E36: 3 | F36: 4 | G36: 5 | H36: 6 | I36: 7 | J36: 8 | K36: 9
A37: Copper | B37: Par | C37: 4 | D37: 4 | E37: 3 | F37: 4 | G37: 3 | H37: 4 | I37: 5 | J37: 4 | K37: 5 | L37: =SUM(C37:K37) -> 36
A38: Yardage | B38: Handicap | C38: 1 | D38: 5 | E38: 17 | F38: 7 | G38: 13 | H38: 11 | I38: 15 | J38: 9 | K38: 3
A39: 6319
A40: Slope | B40: Back 9 | C40: 10 | D40: 11 | E40: 12 | F40: 13 | G40: 14 | H40: 15 | I40: 16 | J40: 17 | K40: 18
A41: 123 | B41: Par | C41: 5 | D41: 4 | E41: 4 | F41: 3 | G41: 5 | H41: 3 | I41: 4 | J41: 3 | K41: 5 | L41: =SUM(C41:K41) -> 36
B42: Handicap | C42: 16 | D42: 8 | E42: 4 | F42: 18 | G42: 2 | H42: 12 | I42: 10 | J42: 14 | K42: 6
A44: PD Fazio - Replay
A45: Tees | B45: Front 9 | C45: 1 | D45: 2 | E45: 3 | F45: 4 | G45: 5 | H45: 6 | I45: 7 | J45: 8 | K45: 9
A46: White | B46: Par | C46: 4 | D46: 5 | E46: 4 | F46: 3 | G46: 4 | H46: 3 | I46: 4 | J46: 4 | K46: 4 | L46: =SUM(C46:K46) -> 35
A47: Yardage | B47: Handicap | C47: 3 | D47: 11 | E47: 9 | F47: 15 | G47: 7 | H47: 17 | I47: 5 | J47: 1 | K47: 13
A50: Kierland
B51: Par 3 | C51: 1 | D51: 2 | E51: 3 | F51: 4 | G51: 5 | H51: 6 | I51: 7 | J51: 8 | K51: 9
B52: Par | C52: 3 | D52: 3 | E52: 3 | F52: 3 | G52: 3 | H52: 3 | I52: 3 | J52: 3 | K52: 3 | L52: =SUM(C52:K52) -> 27
B53: Handicap | C53: 7 | D53: 4 | E53: 1 | F53: 9 | G53: 3 | H53: 5 | I53: 6 | J53: 8 | K53: 2
A56: Troon N MNMT
A57: Tees | B57: Front 9 | C57: 1 | D57: 2 | E57: 3 | F57: 4 | G57: 5 | H57: 6 | I57: 7 | J57: 8 | K57: 9
A58: Silver | B58: Par | C58: 4 | D58: 3 | E58: 5 | F58: 4 | G58: 4 | H58: 4 | I58: 3 | J58: 4 | K58: 5 | L58: =SUM(C58:K58) -> 36
A59: Yardage | B59: Handicap | C59: 5 | D59: 17 | E59: 3 | F59: 11 | G59: 1 | H59: 13 | I59: 15 | J59: 9 | K59: 7
A60: 6220
A61: Slope | B61: Back 9 | C61: 10 | D61: 11 | E61: 12 | F61: 13 | G61: 14 | H61: 15 | I61: 16 | J61: 17 | K61: 18
A62: 129 | B62: Par | C62: 4 | D62: 5 | E62: 4 | F62: 3 | G62: 5 | H62: 4 | I62: 3 | J62: 4 | K62: 4 | L62: =SUM(C62:K62) -> 36
B63: Handicap | C63: 10 | D63: 6 | E63: 8 | F63: 18 | G63: 4 | H63: 14 | I63: 16 | J63: 2 | K63: 12

Sheet Matchups
C1: Day 1 | D1: Day 2A | E1: Day 2B | F1: Day 3 | G1: Scramble
C2: =Courses!A5 -> Eagle Mountain | D2: =Courses!A15 -> Wekopa Cholla | E2: =Courses!A25 -> Wekopa Saguaro | F2: =Courses!A35 -> Kierland A/M | G2: =Courses!A50 -> Kierland | J2: Course | K2: Long Drive | L2: Closest to Pin | M2: Longest Putt
A3: GROUP 1 | C3: =Setup!B2 -> Mil | D3: =C11 -> Rick | E3: =C5 -> John | F3: =C21 -> Dave | G3: =C25 -> Gerald C | J3: =C2 -> Eagle Mountain | K3: 10 | L3: 13 | M3: 18
C4: =Setup!B3 -> 6 | D4: =C12 -> 7 | E4: =C6 -> 7 | F4: =C22 -> 5 | G4: =C26 -> 12
C5: =Setup!B4 -> John | D5: =C3 -> Mil | E5: =C11 -> Rick | F5: =C11 -> Rick | G5: =F5 -> Rick | J5: =D2 -> Wekopa Cholla | K5: 10 | L5: 5 | M5: 18
C6: =Setup!B5 -> 7 | D6: =C4 -> 6 | E6: =C12 -> 7 | F6: =C12 -> 7 | G6: =F6 -> 7
C7: =Setup!B6 -> Brian P | D7: =C19 -> Tommy | E7: =C23 -> Hunter | F7: =C31 -> Brian S | G7: =C29 -> Patrick | J7: =E2 -> Wekopa Saguaro | K7: 4 | L7: 9 | M7: 18
C8: =Setup!B7 -> 6 | D8: =C20 -> 5 | E8: =C24 -> 7 | F8: =C32 -> 13 | G8: =C30 -> 8
C9: =Setup!B8 -> Pat | D9: =C27 -> Bob | E9: =C33 -> Chris | F9: =C9 -> Pat | G9: =C7 -> Brian P | J9: =F2 -> Kierland A/M | K9: 9 | L9: 13 | M9: 18
C10: =Setup!B9 -> 6 | D10: =C28 -> 10 | E10: =C34 -> 15 | F10: =C10 -> 6 | G10: =C8 -> 6
A11: GROUP 2 | C11: =Setup!B10 -> Rick | D11: =C21 -> Dave | E11: =C27 -> Bob | F11: =C3 -> Mil | G11: =C9 -> Pat | J11: =Courses!A56 -> Troon N MNMT | K11: 11 | L11: 13 | M11: 18
C12: =Setup!B11 -> 7 | D12: =C22 -> 5 | E12: =C28 -> 10 | F12: =C4 -> 6 | G12: =C10 -> 6
C13: =Setup!B12 -> Keith | D13: =C13 -> Keith | E13: =C21 -> Dave | F13: =C23 -> Hunter | G13: =F13 -> Hunter
C14: =Setup!B13 -> 16 | D14: =C14 -> 16 | E14: =C22 -> 5 | F14: =C24 -> 7 | G14: =F14 -> 7
C15: =Setup!B14 -> Tony W | D15: =C5 -> John | E15: =C7 -> Brian P | F15: =C29 -> Patrick | G15: =C27 -> Bob | J15: Player | K15: 9-Hole HC | L15: Stroke Play HC | M15: Par 3
C16: =Setup!B15 -> 10 | D16: =C6 -> 7 | E16: =C8 -> 6 | F16: =C30 -> 8 | G16: =C28 -> 10
C17: =Setup!B16 -> Manny | D17: =C29 -> Patrick | E17: =C17 -> Manny | F17: =C17 -> Manny | G17: =C13 -> Keith | J17: =Setup!B2 -> Mil | K17: =ROUND(Setup!H2,0) -> 6 | L17: =ROUND(Setup!I2,0) -> 12 | M17: =ROUND(Setup!J2,0) -> 4
C18: =Setup!B17 -> 14 | D18: =C30 -> 8 | E18: =C18 -> 14 | F18: =C18 -> 14 | G18: =C14 -> 16 | L18: =Setup!I3 -> 0
A19: GROUP 3 | C19: =Setup!B18 -> Tommy | D19: =C7 -> Brian P | E19: =C9 -> Pat | F19: =C13 -> Keith | G19: =C5 -> John | J19: =Setup!B4 -> John | K19: =ROUND(Setup!H4,0) -> 7 | L19: =ROUND(Setup!I4,0) -> 14 | M19: =ROUND(Setup!J4,0) -> 5
C20: =Setup!B19 -> 5 | D20: =C8 -> 6 | E20: =C10 -> 6 | F20: =C14 -> 16 | G20: =C6 -> 7 | K20: =Setup!H5 -> 0 | L20: =Setup!I5 -> 0 | M20: =Setup!J5 -> 0
C21: =Setup!B20 -> Dave | D21: =C23 -> Hunter | E21: =C15 -> Tony W | F21: =C33 -> Chris | G21: =C17 -> Manny | J21: =Setup!B6 -> Brian P | K21: =ROUND(Setup!H6,0) -> 6 | L21: =ROUND(Setup!I6,0) -> 12 | M21: =ROUND(Setup!J6,0) -> 4
C22: =Setup!B21 -> 5 | D22: =C24 -> 7 | E22: =C16 -> 10 | F22: =C34 -> 15 | G22: =C18 -> 14 | K22: =Setup!H7 -> 0 | L22: =Setup!I7 -> 0 | M22: =Setup!J7 -> 0
C23: =Setup!B22 -> Hunter | D23: =C31 -> Brian S | E23: =C19 -> Tommy | F23: =C7 -> Brian P | G23: =C31 -> Brian S | J23: =Setup!B8 -> Pat | K23: =ROUND(Setup!H8,0) -> 6 | L23: =ROUND(Setup!I8,0) -> 13 | M23: =ROUND(Setup!J8,0) -> 5
C24: =Setup!B23 -> 7 | D24: =C32 -> 13 | E24: =C20 -> 5 | F24: =C8 -> 6 | G24: =C32 -> 13 | K24: =Setup!H9 -> 0 | L24: =Setup!I9 -> 0 | M24: =Setup!J9 -> 0
C25: =Setup!B24 -> Gerald C | D25: =C15 -> Tony W | E25: =C29 -> Patrick | F25: =C19 -> Tommy | G25: =F25 -> Tommy | J25: =Setup!B10 -> Rick | K25: =ROUND(Setup!H10,0) -> 7 | L25: =ROUND(Setup!I10,0) -> 15 | M25: =ROUND(Setup!J10,0) -> 6
C26: =Setup!B25 -> 12 | D26: =C16 -> 10 | E26: =C30 -> 8 | F26: =C20 -> 5 | G26: =F26 -> 5 | K26: =Setup!H11 -> 0 | L26: =Setup!I11 -> 0 | M26: =Setup!J11 -> 0
A27: GROUP 4 | C27: =Setup!B26 -> Bob | D27: =C9 -> Pat | E27: =C3 -> Mil | F27: =C25 -> Gerald C | G27: =C3 -> Mil | J27: =Setup!B12 -> Keith | K27: =ROUND(Setup!H12,0) -> 16 | L27: =ROUND(Setup!I12,0) -> 32 | M27: =ROUND(Setup!J12,0) -> 12
C28: =Setup!B27 -> 10 | D28: =C10 -> 6 | E28: =C4 -> 6 | F28: =C26 -> 12 | G28: =C4 -> 6 | K28: =Setup!H13 -> 0 | L28: =Setup!I13 -> 0 | M28: =Setup!J13 -> 0
C29: =Setup!B28 -> Patrick | D29: =C33 -> Chris | E29: =C31 -> Brian S | F29: =C5 -> John | G29: =C21 -> Dave | J29: =Setup!B14 -> Tony W | K29: =ROUND(Setup!H14,0) -> 10 | L29: =ROUND(Setup!I14,0) -> 19 | M29: =ROUND(Setup!J14,0) -> 7
C30: =Setup!B29 -> 8 | D30: =C34 -> 15 | E30: =C32 -> 13 | F30: =C6 -> 7 | G30: =C22 -> 5 | K30: =Setup!H15 -> 0 | L30: =Setup!I15 -> 0 | M30: =Setup!J15 -> 0
C31: =Setup!B30 -> Brian S | D31: =C25 -> Gerald C | E31: =C13 -> Keith | F31: =C15 -> Tony W | G31: =F31 -> Tony W | J31: =Setup!B16 -> Manny | K31: =ROUND(Setup!H16,0) -> 14 | L31: =ROUND(Setup!I16,0) -> 28 | M31: =ROUND(Setup!J16,0) -> 10
C32: =Setup!B31 -> 13 | D32: =C26 -> 12 | E32: =C14 -> 16 | F32: =C16 -> 10 | G32: =F32 -> 10
C33: =Setup!B32 -> Chris | D33: =C17 -> Manny | E33: =C25 -> Gerald C | F33: =C27 -> Bob | G33: =C33 -> Chris | J33: =Setup!B18 -> Tommy | K33: =ROUND(Setup!H18,0) -> 5 | L33: =ROUND(Setup!I18,0) -> 10 | M33: =ROUND(Setup!J18,0) -> 4
C34: =Setup!B33 -> 15 | D34: =C18 -> 14 | E34: =C26 -> 12 | F34: =C28 -> 10 | G34: =C34 -> 15
J35: =Setup!B20 -> Dave | K35: =ROUND(Setup!H20,0) -> 5 | L35: =ROUND(Setup!I20,0) -> 10 | M35: =ROUND(Setup!J20,0) -> 4
J37: =Setup!B22 -> Hunter | K37: =ROUND(Setup!H22,0) -> 7 | L37: =ROUND(Setup!I22,0) -> 15 | M37: =ROUND(Setup!J22,0) -> 6
J39: =Setup!B24 -> Gerald C | K39: =ROUND(Setup!H24,0) -> 12 | L39: =ROUND(Setup!I24,0) -> 24 | M39: =ROUND(Setup!J24,0) -> 9
J41: =Setup!B26 -> Bob | K41: =ROUND(Setup!H26,0) -> 10 | L41: =ROUND(Setup!I26,0) -> 20 | M41: =ROUND(Setup!J26,0) -> 7
J43: =Setup!B28 -> Patrick | K43: =ROUND(Setup!H28,0) -> 8 | L43: =ROUND(Setup!I28,0) -> 15 | M43: =ROUND(Setup!J28,0) -> 6
C44: Course | D44: Tees | E44: Yardage | F44: Par | J44: =Setup!B30 -> Brian S | K44: =ROUND(Setup!H30,0) -> 13 | L44: =ROUND(Setup!I30,0) -> 26 | M44: =ROUND(Setup!J30,0) -> 10
C45: =Courses!A5 -> Eagle Mountain | D45: =Courses!A7 -> Green | E45: =Courses!A9 -> 6269 | F45: =Courses!L7+Courses!L11 -> 71 | J45: =Setup!B32 -> Chris | K45: =ROUND(Setup!H32,0) -> 15 | L45: =ROUND(Setup!I32,0) -> 30 | M45: =ROUND(Setup!J32,0) -> 11
C46: =Courses!A15 -> Wekopa Cholla | D46: =Courses!A17 -> White | E46: =Courses!A19 -> 6114 | F46: =Courses!L17+Courses!L21 -> 72
C47: =Courses!A25 -> Wekopa Saguaro | D47: =Courses!A27 -> White | E47: =Courses!A29 -> 6252 | F47: =Courses!L27+Courses!L31 -> 71
C48: =Courses!A35 -> Kierland A/M | D48: =Courses!A37 -> Copper | E48: =Courses!A39 -> 6319 | F48: =Courses!L37+Courses!L41 -> 72
C49: =Courses!A56 -> Troon N MNMT | D49: =Courses!A58 -> Silver | E49: =Courses!A60 -> 6220 | F49: =Courses!L58+Courses!L62 -> 72
C61: Player | D61: Opponents | J61: Player | K61: Opponents
B62: HC | C62: =C2 -> Eagle Mountain | D62: Front 9 | E62: Back 9 | F62: Back 9 | I62: HC | J62: =D2 -> Wekopa Cholla | K62: Front 9 | L62: Back 9 | M62: Back 9 | AA62: HC | AB62: TPC | AC62: Front 9 | AD62: Back 9 | AE62: Back 9
B63: =C64 -> 6 | C63: =C3 -> Mil | D63: =C65 -> John | E63: =C67 -> Brian P | F63: =C69 -> Pat | I63: =J64 -> 7 | J63: =D3 -> Rick | K63: =J65 -> Mil | L63: =J67 -> Tommy | M63: =J69 -> Bob | AA63: =AB64 -> 0 | AB63: =L3 -> 13 | AC63: =AB65 -> 5 | AD63: =AB67 -> 9 | AE63: =AB69 -> 13
C64: =C4 -> 6 | J64: =D4 -> 7 | AA64: =AB65 -> 5 | AB64: =L4 -> 0
B65: =C66 -> 7 | C65: =C5 -> John | D65: =C63 -> Mil | E65: =C69 -> Pat | F65: =C67 -> Brian P | I65: =J66 -> 6 | J65: =D5 -> Mil | K65: =J63 -> Rick | L65: =J69 -> Bob | M65: =J67 -> Tommy | AA65: =AB66 -> 0 | AB65: =L5 -> 5 | AC65: =AB63 -> 13 | AD65: =AB69 -> 13 | AE65: =AB67 -> 9
C66: =C6 -> 7 | J66: =D6 -> 6 | AA66: =AB67 -> 9 | AB66: =L6 -> 0
B67: =C68 -> 6 | C67: =C7 -> Brian P | D67: =C69 -> Pat | E67: =C63 -> Mil | F67: =C65 -> John | I67: =J68 -> 5 | J67: =D7 -> Tommy | K67: =J69 -> Bob | L67: =J63 -> Rick | M67: =J65 -> Mil | AA67: =AB68 -> 0 | AB67: =L7 -> 9 | AC67: =AB69 -> 13 | AD67: =AB63 -> 13 | AE67: =AB65 -> 5
C68: =C8 -> 6 | J68: =D8 -> 5 | AA68: =AB69 -> 13 | AB68: =L8 -> 0
B69: =C70 -> 6 | C69: =C9 -> Pat | D69: =C67 -> Brian P | E69: =C65 -> John | F69: =C63 -> Mil | I69: =J70 -> 10 | J69: =D9 -> Bob | K69: =J67 -> Tommy | L69: =J65 -> Mil | M69: =J63 -> Rick | AA69: =AB70 -> 0 | AB69: =L9 -> 13 | AC69: =AB67 -> 9 | AD69: =AB65 -> 5 | AE69: =AB63 -> 13
C70: =C10 -> 6 | J70: =D10 -> 10 | AA70: =AB71 -> 13 | AB70: =L10 -> 0
B71: =C72 -> 7 | C71: =C11 -> Rick | D71: =C73 -> Keith | E71: =C75 -> Tony W | F71: =C77 -> Manny | I71: =J72 -> 5 | J71: =D11 -> Dave | K71: =J73 -> Keith | L71: =J75 -> John | M71: =J77 -> Patrick | AA71: =AB72 -> 0 | AB71: =L11 -> 13 | AC71: =AB73 -> 0 | AD71: =AB75 -> #REF! | AE71: =AB77 -> Par 3
C72: =C12 -> 7 | J72: =D12 -> 5 | AA72: =AB73 -> 0 | AB72: =L12 -> 0
B73: =C74 -> 16 | C73: =C13 -> Keith | D73: =C71 -> Rick | E73: =C77 -> Manny | F73: =C75 -> Tony W | I73: =J74 -> 16 | J73: =D13 -> Keith | K73: =J71 -> Dave | L73: =J77 -> Patrick | M73: =J75 -> John | AA73: =AB74 -> 0 | AB73: =L13 -> 0 | AC73: =AB71 -> 13 | AD73: =AB77 -> Par 3 | AE73: =AB75 -> #REF!
C74: =C14 -> 16 | J74: =D14 -> 16 | AA74: =AB75 -> #REF! | AB74: =L14 -> 0
B75: =C76 -> 10 | C75: =C15 -> Tony W | D75: =C77 -> Manny | E75: =C71 -> Rick | F75: =C73 -> Keith | I75: =J76 -> 7 | J75: =D15 -> John | K75: =J77 -> Patrick | L75: =J71 -> Dave | M75: =J73 -> Keith | AA75: =AB76 -> #REF! | AB75: =#REF! -> #REF! | AC75: =AB77 -> Par 3 | AD75: =AB71 -> 13 | AE75: =AB73 -> 0
C76: =C16 -> 10 | J76: =D16 -> 7 | AA76: =AB77 -> Par 3 | AB76: =#REF! -> #REF!
B77: =C78 -> 14 | C77: =C17 -> Manny | D77: =C75 -> Tony W | E77: =C73 -> Keith | F77: =C71 -> Rick | I77: =J78 -> 8 | J77: =D17 -> Patrick | K77: =J75 -> John | L77: =J73 -> Keith | M77: =J71 -> Dave | AA77: =AB78 -> 0 | AB77: =M15 -> Par 3 | AC77: =AB75 -> #REF! | AD77: =AB73 -> 0 | AE77: =AB71 -> 13
C78: =C18 -> 14 | J78: =D18 -> 8 | AA78: =AB79 -> 8 | AB78: =M16 -> 0
B79: =C80 -> 5 | C79: =C19 -> Tommy | D79: =C81 -> Dave | E79: =C83 -> Hunter | F79: =C85 -> Gerald C | I79: =J80 -> 6 | J79: =D19 -> Brian P | K79: =J81 -> Hunter | L79: =J83 -> Brian S | M79: =J85 -> Tony W | AA79: =AB80 -> 13 | AB79: =K43 -> 8 | AC79: =AB81 -> 15 | AD79: =AB83 -> 0 | AE79: =AB85 -> 0
C80: =C20 -> 5 | J80: =D20 -> 6 | AA80: =AB81 -> 15 | AB80: =K44 -> 13
B81: =C82 -> 5 | C81: =C21 -> Dave | D81: =C79 -> Tommy | E81: =C85 -> Gerald C | F81: =C83 -> Hunter | I81: =J82 -> 7 | J81: =D21 -> Hunter | K81: =J79 -> Brian P | L81: =J85 -> Tony W | M81: =J83 -> Brian S | AA81: =AB82 -> 0 | AB81: =K45 -> 15 | AC81: =AB79 -> 8 | AD81: =AB85 -> 0 | AE81: =AB83 -> 0
C82: =C22 -> 5 | J82: =D22 -> 7 | AA82: =AB83 -> 0 | AB82: =K46 -> 0
B83: =C84 -> 7 | C83: =C23 -> Hunter | D83: =C85 -> Gerald C | E83: =C79 -> Tommy | F83: =C81 -> Dave | I83: =J84 -> 13 | J83: =D23 -> Brian S | K83: =J85 -> Tony W | L83: =J79 -> Brian P | M83: =J81 -> Hunter | AA83: =AB84 -> 0 | AB83: =K47 -> 0 | AC83: =AB85 -> 0 | AD83: =AB79 -> 8 | AE83: =AB81 -> 15
C84: =C24 -> 7 | J84: =D24 -> 13 | AA84: =AB85 -> 0 | AB84: =K48 -> 0
B85: =C86 -> 12 | C85: =C25 -> Gerald C | D85: =C83 -> Hunter | E85: =C81 -> Dave | F85: =C79 -> Tommy | I85: =J86 -> 10 | J85: =D25 -> Tony W | K85: =J83 -> Brian S | L85: =J81 -> Hunter | M85: =J79 -> Brian P | AA85: =AB86 -> 0 | AB85: =K49 -> 0 | AC85: =AB83 -> 0 | AD85: =AB81 -> 15 | AE85: =AB79 -> 8
C86: =C26 -> 12 | J86: =D26 -> 10 | AB86: =K50 -> 0
B87: =C88 -> 10 | C87: =C27 -> Bob | D87: =C89 -> Patrick | E87: =C91 -> Brian S | F87: =C93 -> Chris | I87: =J88 -> 6 | J87: =D27 -> Pat | K87: =J89 -> Chris | L87: =J91 -> Gerald C | M87: =J93 -> Manny
C88: =C28 -> 10 | J88: =D28 -> 6
B89: =C90 -> 8 | C89: =C29 -> Patrick | D89: =C87 -> Bob | E89: =C93 -> Chris | F89: =C91 -> Brian S | I89: =J90 -> 15 | J89: =D29 -> Chris | K89: =J87 -> Pat | L89: =J93 -> Manny | M89: =J91 -> Gerald C
C90: =C30 -> 8 | J90: =D30 -> 15
B91: =C92 -> 13 | C91: =C31 -> Brian S | D91: =C93 -> Chris | E91: =C87 -> Bob | F91: =C89 -> Patrick | I91: =J92 -> 12 | J91: =D31 -> Gerald C | K91: =J93 -> Manny | L91: =J87 -> Pat | M91: =J89 -> Chris
C92: =C32 -> 13 | J92: =D32 -> 12
B93: =C94 -> 15 | C93: =C33 -> Chris | D93: =C91 -> Brian S | E93: =C89 -> Patrick | F93: =C87 -> Bob | I93: =J94 -> 14 | J93: =D33 -> Manny | K93: =J91 -> Gerald C | L93: =J89 -> Chris | M93: =J87 -> Pat
C94: =C34 -> 15 | J94: =D34 -> 14
C96: Player | D96: Opponents | J96: Player | K96: Opponents
B97: HC | C97: =E2 -> Wekopa Saguaro | D97: Front 9 | E97: Back 9 | F97: Back 9 | I97: HC | J97: =F2 -> Kierland A/M | K97: Front 9 | L97: Back 9 | M97: Back 9
B98: =C99 -> 7 | C98: =E3 -> John | D98: =C100 -> Rick | E98: =C102 -> Hunter | F98: =C104 -> Chris | I98: =J99 -> 5 | J98: =F3 -> Dave | K98: =J100 -> Rick | L98: =J102 -> Brian S | M98: =J104 -> Pat
C99: =E4 -> 7 | J99: =F4 -> 5
B100: =C101 -> 7 | C100: =E5 -> Rick | D100: =C98 -> John | E100: =C104 -> Chris | F100: =C102 -> Hunter | I100: =J101 -> 7 | J100: =F5 -> Rick | K100: =J98 -> Dave | L100: =J104 -> Pat | M100: =J102 -> Brian S
C101: =E6 -> 7 | J101: =F6 -> 7
B102: =C103 -> 7 | C102: =E7 -> Hunter | D102: =C104 -> Chris | E102: =C98 -> John | F102: =C100 -> Rick | I102: =J103 -> 13 | J102: =F7 -> Brian S | K102: =J104 -> Pat | L102: =J98 -> Dave | M102: =J100 -> Rick
C103: =E8 -> 7 | J103: =F8 -> 13
B104: =C105 -> 15 | C104: =E9 -> Chris | D104: =C102 -> Hunter | E104: =C100 -> Rick | F104: =C98 -> John | I104: =J105 -> 6 | J104: =F9 -> Pat | K104: =J102 -> Brian S | L104: =J100 -> Rick | M104: =J98 -> Dave
C105: =E10 -> 15 | J105: =F10 -> 6
B106: =C107 -> 10 | C106: =E11 -> Bob | D106: =C108 -> Dave | E106: =C110 -> Brian P | F106: =C112 -> Manny | I106: =J107 -> 6 | J106: =F11 -> Mil | K106: =J108 -> Hunter | L106: =J110 -> Patrick | M106: =J112 -> Manny
C107: =E12 -> 10 | J107: =F12 -> 6
B108: =C109 -> 5 | C108: =E13 -> Dave | D108: =C106 -> Bob | E108: =C112 -> Manny | F108: =C110 -> Brian P | I108: =J109 -> 7 | J108: =F13 -> Hunter | K108: =J106 -> Mil | L108: =J112 -> Manny | M108: =J110 -> Patrick
C109: =E14 -> 5 | J109: =F14 -> 7
B110: =C111 -> 6 | C110: =E15 -> Brian P | D110: =C112 -> Manny | E110: =C106 -> Bob | F110: =C108 -> Dave | I110: =J111 -> 8 | J110: =F15 -> Patrick | K110: =J112 -> Manny | L110: =J106 -> Mil | M110: =J108 -> Hunter
C111: =E16 -> 6 | J111: =F16 -> 8
B112: =C113 -> 14 | C112: =E17 -> Manny | D112: =C110 -> Brian P | E112: =C108 -> Dave | F112: =C106 -> Bob | I112: =J113 -> 14 | J112: =F17 -> Manny | K112: =J110 -> Patrick | L112: =J108 -> Hunter | M112: =J106 -> Mil
C113: =E18 -> 14 | J113: =F18 -> 14
B114: =C115 -> 6 | C114: =E19 -> Pat | D114: =C116 -> Tony W | E114: =C118 -> Tommy | F114: =C120 -> Patrick | I114: =J115 -> 16 | J114: =F19 -> Keith | K114: =J116 -> Chris | L114: =J118 -> Brian P | M114: =J120 -> Tommy
C115: =E20 -> 6 | J115: =F20 -> 16
B116: =C117 -> 10 | C116: =E21 -> Tony W | D116: =C114 -> Pat | E116: =C120 -> Patrick | F116: =C118 -> Tommy | I116: =J117 -> 15 | J116: =F21 -> Chris | K116: =J114 -> Keith | L116: =J120 -> Tommy | M116: =J118 -> Brian P
...

Sheet Scores
A1: Player | B1: =Courses!A5 -> Eagle Mountain | C1: =Courses!A15 -> Wekopa Cholla | D1: =Courses!A25 -> Wekopa Saguaro | E1: =Courses!A35 -> Kierland A/M | F1: =Courses!A56 -> Troon N MNMT | G1: Tie Breaker | J1: AVG Score | K1: HCP | L1: Net Score | M1: Rank
A2: ='Day 1 - Match 1'!M6 -> Mil | B2: =SUM('Day 1 - Match 1:Day 1 - Match 2'!N6) -> 87 | C2: =SUM('Day 2A - Match 4:Day 2A - Match 5'!N6) -> 93 | D2: =SUM('Day 2B - Match 7:Day 2B - Match 8'!N6) -> 98 | E2: =SUM('Day 3 - Match 10:Day 3 - Match 11'!N6) -> 91 | F2: =SUM('Day 4 - Front 9:Day 4 - Back 9'!N6) -> 101 | G2: =_xlfn.IFS(M2=1,"Winner",M2=2,"2nd",M2=3,"3rd",TRUE,"") | J2: =AVERAGE(B2:F2) -> 94 | K2: =Setup!I2 -> 11.885841 | L2: =J2-K2 -> 82.114159 | M2: =RANK(L2,L$2:L$33,1) -> 9
A4: ='Day 1 - Match 1'!M8 -> John | B4: =SUM('Day 1 - Match 1:Day 1 - Match 2'!N8) -> 83 | C4: =SUM('Day 2A - Match 4:Day 2A - Match 5'!N8) -> 91 | D4: =SUM('Day 2B - Match 7:Day 2B - Match 8'!N8) -> 101 | E4: =SUM('Day 3 - Match 10:Day 3 - Match 11'!N8) -> 88 | F4: =SUM('Day 4 - Front 9:Day 4 - Back 9'!N8) -> 83 | G4: =_xlfn.IFS(M4=1,"Winner",M4=2,"2nd",M4=3,"3rd",TRUE,"") -> 3rd | J4: =AVERAGE(B4:F4) -> 89.2 | K4: =Setup!I4 -> 13.893451 | L4: =J4-K4 -> 75.306549 | M4: =RANK(L4,L$2:L$33,1) -> 3
A6: ='Day 1 - Match 1'!M10 -> Brian P | B6: =SUM('Day 1 - Match 1:Day 1 - Match 2'!N10) -> 94 | C6: =SUM('Day 2A - Match 4:Day 2A - Match 5'!N10) -> 96 | D6: =SUM('Day 2B - Match 7:Day 2B - Match 8'!N10) -> 100 | E6: =SUM('Day 3 - Match 10:Day 3 - Match 11'!N10) -> 89 | F6: =SUM('Day 4 - Front 9:Day 4 - Back 9'!N10) -> 88 | G6: =_xlfn.IFS(M6=1,"Winner",M6=2,"2nd",M6=3,"3rd",TRUE,"") | J6: =AVERAGE(B6:F6) -> 93.4 | K6: =Setup!I6 -> 11.908673 | L6: =J6-K6 -> 81.491327 | M6: =RANK(L6,L$2:L$33,1) -> 8
A8: ='Day 1 - Match 1'!M12 -> Pat | B8: =SUM('Day 1 - Match 1:Day 1 - Match 2'!N12) -> 89 | C8: =SUM('Day 2A - Match 4:Day 2A - Match 5'!N12) -> 91 | D8: =SUM('Day 2B - Match 7:Day 2B - Match 8'!N12) -> 88 | E8: =SUM('Day 3 - Match 10:Day 3 - Match 11'!N12) -> 91 | F8: =SUM('Day 4 - Front 9:Day 4 - Back 9'!N12) -> 90 | G8: =_xlfn.IFS(M8=1,"Winner",M8=2,"2nd",M8=3,"3rd",TRUE,"") | J8: =AVERAGE(B8:F8) -> 89.8 | K8: =Setup!I8 -> 12.901062 | L8: =J8-K8 -> 76.898938 | M8: =RANK(L8,L$2:L$33,1) -> 4
A10: ='Day 1 - Match 1'!M14 -> Rick | B10: =SUM('Day 1 - Match 1:Day 1 - Match 2'!N14) -> 91 | C10: =SUM('Day 2A - Match 4:Day 2A - Match 5'!N14) -> 84 | D10: =SUM('Day 2B - Match 7:Day 2B - Match 8'!N14) -> 95 | E10: =SUM('Day 3 - Match 10:Day 3 - Match 11'!N14) -> 84 | F10: =SUM('Day 4 - Front 9:Day 4 - Back 9'!N14) -> 94 | G10: =_xlfn.IFS(M10=1,"Winner",M10=2,"2nd",M10=3,"3rd",TRUE,"") -> 2nd | J10: =AVERAGE(B10:F10) -> 89.6 | K10: =Setup!I10 -> 14.885841 | L10: =J10-K10 -> 74.714159 | M10: =RANK(L10,L$2:L$33,1) -> 2
A12: ='Day 1 - Match 1'!M16 -> Keith | B12: =SUM('Day 1 - Match 1:Day 1 - Match 2'!N16) -> 106 | C12: =SUM('Day 2A - Match 4:Day 2A - Match 5'!N16) -> 119 | D12: =SUM('Day 2B - Match 7:Day 2B - Match 8'!N16) -> 121 | E12: =SUM('Day 3 - Match 10:Day 3 - Match 11'!N16) -> 102 | F12: =SUM('Day 4 - Front 9:Day 4 - Back 9'!N16) -> 131 | G12: =_xlfn.IFS(M12=1,"Winner",M12=2,"2nd",M12=3,"3rd",TRUE,"") | J12: =AVERAGE(B12:F12) -> 115.8 | K12: =Setup!I12 -> 32 | L12: =J12-K12 -> 83.8 | M12: =RANK(L12,L$2:L$33,1) -> 11
A14: ='Day 1 - Match 1'!M18 -> Tony W | B14: =SUM('Day 1 - Match 1:Day 1 - Match 2'!N18) -> 100 | C14: =SUM('Day 2A - Match 4:Day 2A - Match 5'!N18) -> 108 | D14: =SUM('Day 2B - Match 7:Day 2B - Match 8'!N18) -> 110 | E14: =SUM('Day 3 - Match 10:Day 3 - Match 11'!N18) -> 109 | F14: =SUM('Day 4 - Front 9:Day 4 - Back 9'!N18) -> 107 | G14: =_xlfn.IFS(M14=1,"Winner",M14=2,"2nd",M14=3,"3rd",TRUE,"") | J14: =AVERAGE(B14:F14) -> 106.8 | K14: =Setup!I14 -> 19.494938 | L14: =J14-K14 -> 87.305062 | M14: =RANK(L14,L$2:L$33,1) -> 15
A16: ='Day 1 - Match 1'!M20 -> Manny | B16: =SUM('Day 1 - Match 1:Day 1 - Match 2'!N20) -> 118 | C16: =SUM('Day 2A - Match 4:Day 2A - Match 5'!N20) -> 108 | D16: =SUM('Day 2B - Match 7:Day 2B - Match 8'!N20) -> 126 | E16: =SUM('Day 3 - Match 10:Day 3 - Match 11'!N20) -> 114 | F16: =SUM('Day 4 - Front 9:Day 4 - Back 9'!N20) -> 113 | G16: =_xlfn.IFS(M16=1,"Winner",M16=2,"2nd",M16=3,"3rd",TRUE,"") | J16: =AVERAGE(B16:F16) -> 115.8 | K16: =Setup!I16 -> 27.786903 | L16: =J16-K16 -> 88.013097 | M16: =RANK(L16,L$2:L$33,1) -> 16
A18: ='Day 1 - Match 1'!M22 -> Tommy | B18: =SUM('Day 1 - Match 1:Day 1 - Match 2'!N22) -> 88 | C18: =SUM('Day 2A - Match 4:Day 2A - Match 5'!N22) -> 80 | D18: =SUM('Day 2B - Match 7:Day 2B - Match 8'!N22) -> 79 | E18: =SUM('Day 3 - Match 10:Day 3 - Match 11'!N22) -> 86 | F18: =SUM('Day 4 - Front 9:Day 4 - Back 9'!N22) -> 87 | G18: =_xlfn.IFS(M18=1,"Winner",M18=2,"2nd",M18=3,"3rd",TRUE,"") -> Winner | J18: =AVERAGE(B18:F18) -> 84 | K18: =Setup!I18 -> 10.364956 | L18: =J18-K18 -> 73.635044 | M18: =RANK(L18,L$2:L$33,1) -> 1
A20: ='Day 1 - Match 1'!M24 -> Dave | B20: =SUM('Day 1 - Match 1:Day 1 - Match 2'!N24) -> 88 | C20: =SUM('Day 2A - Match 4:Day 2A - Match 5'!N24) -> 85 | D20: =SUM('Day 2B - Match 7:Day 2B - Match 8'!N24) -> 89 | E20: =SUM('Day 3 - Match 10:Day 3 - Match 11'!N24) -> 90 | F20: =SUM('Day 4 - Front 9:Day 4 - Back 9'!N24) -> 88 | G20: =_xlfn.IFS(M20=1,"Winner",M20=2,"2nd",M20=3,"3rd",TRUE,"") | J20: =AVERAGE(B20:F20) -> 88 | K20: =Setup!I20 -> 9.7033628 | L20: =J20-K20 -> 78.296637 | M20: =RANK(L20,L$2:L$33,1) -> 6
A22: ='Day 1 - Match 1'!M26 -> Hunter | B22: =SUM('Day 1 - Match 1:Day 1 - Match 2'!N26) -> 104 | C22: =SUM('Day 2A - Match 4:Day 2A - Match 5'!N26) -> 93 | D22: =SUM('Day 2B - Match 7:Day 2B - Match 8'!N26) -> 96 | E22: =SUM('Day 3 - Match 10:Day 3 - Match 11'!N26) -> 88 | F22: =SUM('Day 4 - Front 9:Day 4 - Back 9'!N26) -> 120 | G22: =_xlfn.IFS(M22=1,"Winner",M22=2,"2nd",M22=3,"3rd",TRUE,"") | J22: =AVERAGE(B22:F22) -> 100.2 | K22: =Setup!I22 -> 14.775575 | L22: =J22-K22 -> 85.424425 | M22: =RANK(L22,L$2:L$33,1) -> 12
A24: ='Day 1 - Match 1'!M28 -> Gerald C | B24: =SUM('Day 1 - Match 1:Day 1 - Match 2'!N28) -> 112 | C24: =SUM('Day 2A - Match 4:Day 2A - Match 5'!N28) -> 112 | D24: =SUM('Day 2B - Match 7:Day 2B - Match 8'!N28) -> 114 | E24: =SUM('Day 3 - Match 10:Day 3 - Match 11'!N28) -> 107 | F24: =SUM('Day 4 - Front 9:Day 4 - Back 9'!N28) -> 112 | G24: =_xlfn.IFS(M24=1,"Winner",M24=2,"2nd",M24=3,"3rd",TRUE,"") | J24: =AVERAGE(B24:F24) -> 111.4 | K24: =Setup!I24 -> 24.346619 | L24: =J24-K24 -> 87.053381 | M24: =RANK(L24,L$2:L$33,1) -> 13
... A32: ='Day 1 - Match 1'!M36 -> Chris | B32: =SUM('Day 1 - Match 1:Day 1 - Match 2'!N36) -> 113 | C32: =SUM('Day 2A - Match 4:Day 2A - Match 5'!N36) -> 103 | D32: =SUM('Day 2B - Match 7:Day 2B - Match 8'!N36) -> 117 | E32: =SUM('Day 3 - Match 10:Day 3 - Match 11'!N36) -> 107 | F32: =SUM('Day 4 - Front 9:Day 4 - Back 9'!N36) -> 122 | G32: =_xlfn.IFS(M32=1,"Winner",M32=2,"2nd",M32=3,"3rd",TRUE,"") | J32: =AVERAGE(B32:F32) -> 112.4 | K32: =Setup!I32 -> 29.881947 | L32: =J32-K32 -> 82.518053 | M32: =RANK(L32,L$2:L$33,1) -> 10

Sheet Points
A1: Player | B1: Day 1 - Points | C1: Day 2 - Points | D1: Day 3 -Points | E1: Day 4 -Points | F1: Day 1 Match 1 | G1: Day 1 Match 2 | H1: Day 1 Match 3 | I1: Day 1 Stroke Play | J1: Day 2A Match 4 | K1: Day 2A Match 5 | L1: Day 2A Match 6 | M1: Day 2B Match 7 | N1: Day 2B Match 8 | O1: Day 2B Match 9 | P1: Day 3 Match 10 | Q1: Day 3 Match 11 | R1: Day 3 Match 12 | S1: Day 3 Stroke Play | T1: Day 3 Scramble | AE1: 1 | AF1: 2 | AG1: 3 | AH1: 4 | AI1: 5 | AJ1: 6 | AK1: 7 | AL1: 8 | AM1: 9 | AN1: 10 | AQ1: 1st Place | AY1: Winner | AZ1: 2nd Place | BA1: 3rd Place | BB1: 4th Place | BG1: Day 1 & 2 | BH1: Day 1-3
A2: =Setup!B2 -> Mil | B2: =SUM(F2:I2) -> 4 | C2: =SUM(J2:O2) -> 6 | D2: =SUM(P2:T2) -> 5 | E2: =N38 -> 0 | F2: ='Day 1 - Match 1'!O6 -> 1 | G2: ='Day 1 - Match 2'!O6 -> 0 | H2: ='Day 1 - Match 3'!O6 -> 1 | I2: =F38 -> 2 | J2: ='Day 2A - Match 4'!O6 -> 0 | K2: ='Day 2A - Match 5'!O6 -> 0 | L2: ='Day 2A - Match 6'!O6 -> 0 | M2: ='Day 2B - Match 7'!O6 -> 2 | N2: ='Day 2B - Match 8'!O6 -> 2 | O2: ='Day 2B - Match 9'!O6 -> 2 | P2: ='Day 3 - Match 10'!O6 -> 1 | Q2: ='Day 3 - Match 11'!O6 -> 2 | R2: ='Day 3 - Match 12'!O6 -> 2 | S2: =J38 -> 0 | T2: =Scramble!AG6 -> 0 | U2: =A2 -> Mil | AB2: 1 | AC2: =COUNTIF($M$38:$M$53,AB2) -> 1 | AD2: =Setup!C49 -> 12 | AE2: =IF($AC2=AE$1,$AD2,0) -> 12 | AF2: =IF($AC2=$AF$1,SUM($AD2:$AD4)/$AF$1,0) -> 0 | AG2: =IF($AC2=$AG$1,SUM($AD2:$AD6)/$AG$1,0) -> 0 | AH2: =IF($AC2=$AH$1,SUM($AD2:$AD8)/$AH$1,0) -> 0 | AI2: =IF($AC2=AI$1,SUM($AD2:$AD10)/AI$1,0) -> 0 | AJ2: =IF($AC2=AJ$1,SUM($AD2:$AD12)/AJ$1,0) -> 0 | AK2: =IF($AC2=AK$1,SUM($AD2:$AD14)/AK$1,0) -> 0 | AO2: =COUNTIF(Results!R$5:R$36,AB2) -> 1 | AQ2: =IF($AC2=AE$1,Setup!$C$42,0) -> 700 | AU2: =IF(Results!$R5=$AB$2,Results!AV5,"") | AV2: =IF(Results!$R5=$AB$4,Results!AW5,"") | AW2: =IF(Results!$R5=$AB$6,Results!AX5,"") | AX2: =IF(Results!$R5=$AB$8,Results!AY5,"") | AY2: =IF(Results!R5=AB$2,"Winner","") | AZ2: =IF(Results!R5=AB$4,"2nd Place","") | BA2: =IF(Results!R5=AB$6,"3rd Place","") | BB2: =IF(Results!R5=AB$8,"4th Place","") | BD2: =IF(ISNUMBER(FIND("Winner",Results!J5)),Setup!C$42,IF(ISNUMBER(FIND("2nd Place",Results!J5)),Setup!C$43,IF(ISNUMBER(FIND("3rd Place",Results!J5)),Setup!C$44,""))) | BG2: =SUM(F2:O2) -> 10 | BH2: =SUM(P2:T2)+BG2 -> 15
A4: =Setup!B4 -> John | B4: =SUM(F4:I4) -> 7 | C4: =SUM(J4:O4) -> 7 | D4: =SUM(P4:T4) -> 9 | E4: =N39 -> 12 | F4: ='Day 1 - Match 1'!O8 -> 1 | G4: ='Day 1 - Match 2'!O8 -> 2 | H4: ='Day 1 - Match 3'!O8 -> 2 | I4: =F39 -> 2 | J4: ='Day 2A - Match 4'!O8 -> 2 | K4: ='Day 2A - Match 5'!O8 -> 1 | L4: ='Day 2A - Match 6'!O8 -> 2 | M4: ='Day 2B - Match 7'!O8 -> 2 | N4: ='Day 2B - Match 8'!O8 -> 0 | O4: ='Day 2B - Match 9'!O8 -> 0 | P4: ='Day 3 - Match 10'!O8 -> 2 | Q4: ='Day 3 - Match 11'!O8 -> 2 | R4: ='Day 3 - Match 12'!O8 -> 2 | S4: =J39 -> 2 | T4: =Scramble!AG8 -> 1 | U4: =A4 -> John | AB4: 2 | AC4: =COUNTIF($M$38:$M$53,AB4) -> 1 | AD4: =Setup!C50 -> 10 | AE4: =IF($AC4=AE$1,$AD4,0) -> 10 | AF4: =IF($AC4=$AF$1,SUM($AD4:$AD6)/$AF$1,0) -> 0 | AG4: =IF($AC4=$AG$1,SUM($AD4:$AD8)/$AG$1,0) -> 0 | AH4: =IF($AC4=$AH$1,SUM($AD4:$AD10)/$AH$1,0) -> 0 | AI4: =IF($AC4=AI$1,SUM($AD4:$AD12)/AI$1,0) -> 0 | AJ4: =IF($AC4=AJ$1,SUM($AD4:$AD14)/AJ$1,0) -> 0 | AK4: =IF($AC4=AK$1,SUM($AD4:$AD16)/AK$1,0) -> 0 | AO4: =COUNTIF(Results!R$5:R$36,AB4) -> 1 | AU4: =IF(Results!$R7=$AB$2,Results!AV7,"") -> 700 | AV4: =IF(Results!$R7=$AB$4,Results!AW7,"") | AW4: =IF(Results!$R7=$AB$6,Results!AX7,"") | AX4: =IF(Results!$R7=$AB$8,Results!AY7,"") | AY4: =IF(Results!R7=AB$2,"Winner","") -> Winner | AZ4: =IF(Results!R7=AB$4,"2nd Place","") | BA4: =IF(Results!R7=AB$6,"3rd Place","") | BB4: =IF(Results!R7=AB$8,"4th Place","") | BD4: =IF(ISNUMBER(FIND("Winner",Results!J7)),Setup!C$42,IF(ISNUMBER(FIND("2nd Place",Results!J7)),Setup!C$43,IF(ISNUMBER(FIND("3rd Place",Results!J7)),Setup!C$44,""))) -> 700 | BG4: =SUM(F4:O4) -> 14 | BH4: =SUM(P4:T4)+BG4 -> 23
U5: =A5 -> 0 | BG5: =SUM(F5:O5) -> 0 | BH5: =SUM(P5:T5)+BG5 -> 0
A6: =Setup!B6 -> Brian P | B6: =SUM(F6:I6) -> 2 | C6: =SUM(J6:O6) -> 10 | D6: =SUM(P6:T6) -> 9 | E6: =N40 -> 8.5 | F6: ='Day 1 - Match 1'!O10 -> 0 | G6: ='Day 1 - Match 2'!O10 -> 2 | H6: ='Day 1 - Match 3'!O10 -> 0 | I6: =F40 -> 0 | J6: ='Day 2A - Match 4'!O10 -> 2 | K6: ='Day 2A - Match 5'!O10 -> 2 | L6: ='Day 2A - Match 6'!O10 -> 2 | M6: ='Day 2B - Match 7'!O10 -> 0 | N6: ='Day 2B - Match 8'!O10 -> 2 | O6: ='Day 2B - Match 9'!O10 -> 2 | P6: ='Day 3 - Match 10'!O10 -> 0 | Q6: ='Day 3 - Match 11'!O10 -> 2 | R6: ='Day 3 - Match 12'!O10 -> 2 | S6: =J40 -> 2 | T6: =Scramble!AG10 -> 3 | U6: =A6 -> Brian P | AB6: 3 | AC6: =COUNTIF($M$38:$M$53,AB6) -> 1 | AD6: =Setup!C51 -> 8.5 | AE6: =IF($AC6=AE$1,$AD6,0) -> 8.5 | AF6: =IF($AC6=$AF$1,SUM($AD6:$AD8)/$AF$1,0) -> 0 | AG6: =IF($AC6=$AG$1,SUM($AD6:$AD10)/$AG$1,0) -> 0 | AH6: =IF($AC6=$AH$1,SUM($AD6:$AD12)/$AH$1,0) -> 0 | AI6: =IF($AC6=AI$1,SUM($AD6:$AD14)/AI$1,0) -> 0 | AJ6: =IF($AC6=AJ$1,SUM($AD6:$AD16)/AJ$1,0) -> 0 | AK6: =IF($AC6=AK$1,SUM($AD6:$AD18)/AK$1,0) -> 0 | AO6: =COUNTIF(Results!R$5:R$36,AB6) -> 1 | AU6: =IF(Results!$R9=$AB$2,Results!AV9,"") | AV6: =IF(Results!$R9=$AB$4,Results!AW9,"") | AW6: =IF(Results!$R9=$AB$6,Results!AX9,"") -> 150 | AX6: =IF(Results!$R9=$AB$8,Results!AY9,"") | AY6: =IF(Results!R9=AB$2,"Winner","") | AZ6: =IF(Results!R9=AB$4,"2nd Place","") | BA6: =IF(Results!R9=AB$6,"3rd Place","") -> 3rd Place | BB6: =IF(Results!R9=AB$8,"4th Place","") | BD6: =IF(ISNUMBER(FIND("Winner",Results!J9)),Setup!C$42,IF(ISNUMBER(FIND("2nd Place",Results!J9)),Setup!C$43,IF(ISNUMBER(FIND("3rd Place",Results!J9)),Setup!C$44,""))) -> 150 | BG6: =SUM(F6:O6) -> 12 | BH6: =SUM(P6:T6)+BG6 -> 21
U7: =A7 -> 0 | BG7: =SUM(F7:O7) -> 0 | BH7: =SUM(P7:T7)+BG7 -> 0
A8: =Setup!B8 -> Pat | B8: =SUM(F8:I8) -> 5 | C8: =SUM(J8:O8) -> 7 | D8: =SUM(P8:T8) -> 5 | E8: =N41 -> 6.625 | F8: ='Day 1 - Match 1'!O12 -> 2 | G8: ='Day 1 - Match 2'!O12 -> 0 | H8: ='Day 1 - Match 3'!O12 -> 1 | I8: =F41 -> 2 | J8: ='Day 2A - Match 4'!O12 -> 2 | K8: ='Day 2A - Match 5'!O12 -> 0 | L8: ='Day 2A - Match 6'!O12 -> 1 | M8: ='Day 2B - Match 7'!O12 -> 2 | N8: ='Day 2B - Match 8'!O12 -> 0 | O8: ='Day 2B - Match 9'!O12 -> 2 | P8: ='Day 3 - Match 10'!O12 -> 0 | Q8: ='Day 3 - Match 11'!O12 -> 0 | R8: ='Day 3 - Match 12'!O12 -> 1 | S8: =J41 -> 2 | T8: =Scramble!AG12 -> 2 | U8: =A8 -> Pat | AB8: 4 | AC8: =COUNTIF($M$38:$M$53,AB8) -> 2 | AD8: =Setup!C52 -> 7.25 | AE8: =IF($AC8=AE$1,$AD8,0) -> 0 | AF8: =IF($AC8=$AF$1,SUM($AD8:$AD10)/$AF$1,0) -> 6.625 | AG8: =IF($AC8=$AG$1,SUM($AD8:$AD12)/$AG$1,0) -> 0 | AH8: =IF($AC8=$AH$1,SUM($AD8:$AD14)/$AH$1,0) -> 0 | AI8: =IF($AC8=AI$1,SUM($AD8:$AD16)/AI$1,0) -> 0 | AJ8: =IF($AC8=AJ$1,SUM($AD8:$AD18)/AJ$1,0) -> 0 | AK8: =IF($AC8=AK$1,SUM($AD8:$AD20)/AK$1,0) -> 0 | AO8: =COUNTIF(Results!R$5:R$36,AB8) -> 1 | AU8: =IF(Results!$R11=$AB$2,Results!AV11,"") | AV8: =IF(Results!$R11=$AB$4,Results!AW11,"") | AW8: =IF(Results!$R11=$AB$6,Results!AX11,"") | AX8: =IF(Results!$R11=$AB$8,Results!AY11,"") | AY8: =IF(Results!R11=AB$2,"Winner","") | AZ8: =IF(Results!R11=AB$4,"2nd Place","") | BA8: =IF(Results!R11=AB$6,"3rd Place","") | BB8: =IF(Results!R11=AB$8,"4th Place","") | BD8: =IF(ISNUMBER(FIND("Winner",Results!J11)),Setup!C$42,IF(ISNUMBER(FIND("2nd Place",Results!J11)),Setup!C$43,IF(ISNUMBER(FIND("3rd Place",Results!J11)),Setup!C$44,""))) | BG8: =SUM(F8:O8) -> 12 | BH8: =SUM(P8:T8)+BG8 -> 17
U9: =A9 -> 0 | BG9: =SUM(F9:O9) -> 0 | BH9: =SUM(P9:T9)+BG9 -> 0
A10: =Setup!B10 -> Rick | B10: =SUM(F10:I10) -> 6 | C10: =SUM(J10:O10) -> 6 | D10: =SUM(P10:T10) -> 9 | E10: =N42 -> 4 | F10: ='Day 1 - Match 1'!O14 -> 0 | G10: ='Day 1 - Match 2'!O14 -> 2 | H10: ='Day 1 - Match 3'!O14 -> 2 | I10: =F42 -> 2 | J10: ='Day 2A - Match 4'!O14 -> 2 | K10: ='Day 2A - Match 5'!O14 -> 1 | L10: ='Day 2A - Match 6'!O14 -> 0 | M10: ='Day 2B - Match 7'!O14 -> 0 | N10: ='Day 2B - Match 8'!O14 -> 2 | O10: ='Day 2B - Match 9'!O14 -> 1 | P10: ='Day 3 - Match 10'!O14 -> 2 | Q10: ='Day 3 - Match 11'!O14 -> 2 | R10: ='Day 3 - Match 12'!O14 -> 0 | S10: =J42 -> 2 | T10: =Scramble!AG14 -> 3 | U10: =A10 -> Rick | AB10: 5 | AC10: =COUNTIF($M$38:$M$53,AB10) -> 0 | AD10: =Setup!C53 -> 6 | AE10: =IF($AC10=AE$1,$AD10,0) -> 0 | AF10: =IF($AC10=$AF$1,SUM($AD10:$AD12)/$AF$1,0) -> 0 | AG10: =IF($AC10=$AG$1,SUM($AD10:$AD14)/$AG$1,0) -> 0 | AH10: =IF($AC10=$AH$1,SUM($AD10:$AD16)/$AH$1,0) -> 0 | AI10: =IF($AC10=AI$1,SUM($AD10:$AD18)/AI$1,0) -> 0 | AJ10: =IF($AC10=AJ$1,SUM($AD10:$AD20)/AJ$1,0) -> 0 | AK10: =IF($AC10=AK$1,SUM($AD10:$AD22)/AK$1,0) -> 0 | AO10: =COUNTIF(Results!R$5:R$36,AB10) -> 1 | AU10: =IF(Results!$R13=$AB$2,Results!AV13,"") | AV10: =IF(Results!$R13=$AB$4,Results!AW13,"") | AW10: =IF(Results!$R13=$AB$6,Results!AX13,"") | AX10: =IF(Results!$R13=$AB$8,Results!AY13,"") | AY10: =IF(Results!R13=AB$2,"Winner","") | AZ10: =IF(Results!R13=AB$4,"2nd Place","") | BA10: =IF(Results!R13=AB$6,"3rd Place","") | BB10: =IF(Results!R13=AB$8,"4th Place","") | BD10: =IF(ISNUMBER(FIND("Winner",Results!J13)),Setup!C$42,IF(ISNUMBER(FIND("2nd Place",Results!J13)),Setup!C$43,IF(ISNUMBER(FIND("3rd Place",Results!J13)),Setup!C$44,""))) | BG10: =SUM(F10:O10) -> 12 | BH10: =SUM(P10:T10)+BG10 -> 21
U11: =A11 -> 0 | BG11: =SUM(F11:O11) -> 0 | BH11: =SUM(P11:T11)+BG11 -> 0
A12: =Setup!B12 -> Keith | B12: =SUM(F12:I12) -> 8 | C12: =SUM(J12:O12) -> 2 | D12: =SUM(P12:T12) -> 6 | E12: =N43 -> 0 | F12: ='Day 1 - Match 1'!O16 -> 2 | G12: ='Day 1 - Match 2'!O16 -> 2 | H12: ='Day 1 - Match 3'!O16 -> 2 | I12: =F43 -> 2 | J12: ='Day 2A - Match 4'!O16 -> 0 | K12: ='Day 2A - Match 5'!O16 -> 0 | L12: ='Day 2A - Match 6'!O16 -> 0 | M12: ='Day 2B - Match 7'!O16 -> 2 | N12: ='Day 2B - Match 8'!O16 -> 0 | O12: ='Day 2B - Match 9'!O16 -> 0 | P12: ='Day 3 - Match 10'!O16 -> 2 | Q12: ='Day 3 - Match 11'!O16 -> 0 | R12: ='Day 3 - Match 12'!O16 -> 0 | S12: =J43 -> 2 | T12: =Scramble!AG16 -> 2 | U12: =A12 -> Keith | AB12: 6 | AC12: =COUNTIF($M$38:$M$53,AB12) -> 1 | AD12: =Setup!C54 -> 5 | AE12: =IF($AC12=AE$1,$AD12,0) -> 5 | AF12: =IF($AC12=$AF$1,SUM($AD12:$AD14)/$AF$1,0) -> 0 | AG12: =IF($AC12=$AG$1,SUM($AD12:$AD16)/$AG$1,0) -> 0 | AH12: =IF($AC12=$AH$1,SUM($AD12:$AD18)/$AH$1,0) -> 0 | AI12: =IF($AC12=AI$1,SUM($AD12:$AD20)/AI$1,0) -> 0 | AJ12: =IF($AC12=AJ$1,SUM($AD12:$AD22)/AJ$1,0) -> 0 | AK12: =IF($AC12=AK$1,SUM($AD12:$AD24)/AK$1,0) -> 0 | AO12: =COUNTIF(Results!R$5:R$36,AB12) -> 1 | AU12: =IF(Results!$R15=$AB$2,Results!AV15,"") | AV12: =IF(Results!$R15=$AB$4,Results!AW15,"") | AW12: =IF(Results!$R15=$AB$6,Results!AX15,"") | AX12: =IF(Results!$R15=$AB$8,Results!AY15,"") | AY12: =IF(Results!R15=AB$2,"Winner","") | AZ12: =IF(Results!R15=AB$4,"2nd Place","") | BA12: =IF(Results!R15=AB$6,"3rd Place","") | BB12: =IF(Results!R15=AB$8,"4th Place","") | BD12: =IF(ISNUMBER(FIND("Winner",Results!J15)),Setup!C$42,IF(ISNUMBER(FIND("2nd Place",Results!J15)),Setup!C$43,IF(ISNUMBER(FIND("3rd Place",Results!J15)),Setup!C$44,""))) | BG12: =SUM(F12:O12) -> 10 | BH12: =SUM(P12:T12)+BG12 -> 16
U13: =A13 -> 0 | BG13: =SUM(F13:O13) -> 0 | BH13: =SUM(P13:T13)+BG13 -> 0
A14: =Setup!B14 -> Tony W | B14: =SUM(F14:I14) -> 0 | C14: =SUM(J14:O14) -> 3 | D14: =SUM(P14:T14) -> 0 | E14: =N44 -> 0 | F14: ='Day 1 - Match 1'!O18 -> 0 | G14: ='Day 1 - Match 2'!O18 -> 0 | H14: ='Day 1 - Match 3'!O18 -> 0 | I14: =F44 -> 0 | J14: ='Day 2A - Match 4'!O18 -> 1 | K14: ='Day 2A - Match 5'!O18 -> 0 | L14: ='Day 2A - Match 6'!O18 -> 0 | M14: ='Day 2B - Match 7'!O18 -> 0 | N14: ='Day 2B - Match 8'!O18 -> 2 | O14: ='Day 2B - Match 9'!O18 -> 0 | P14: ='Day 3 - Match 10'!O18 -> 0 | Q14: ='Day 3 - Match 11'!O18 -> 0 | R14: ='Day 3 - Match 12'!O18 -> 0 | S14: =J44 -> 0 | T14: =Scramble!AG18 -> 0 | U14: =A14 -> Tony W | AB14: 7 | AC14: =COUNTIF($M$38:$M$53,AB14) -> 1 | AD14: =Setup!C55 -> 4 | AE14: =IF($AC14=AE$1,$AD14,0) -> 4 | AF14: =IF($AC14=$AF$1,SUM($AD14:$AD16)/$AF$1,0) -> 0 | AG14: =IF($AC14=$AG$1,SUM($AD14:$AD18)/$AG$1,0) -> 0 | AH14: =IF($AC14=$AH$1,SUM($AD14:$AD20)/$AH$1,0) -> 0 | AI14: =IF($AC14=AI$1,SUM($AD14:$AD22)/AI$1,0) -> 0 | AJ14: =IF($AC14=AJ$1,SUM($AD14:$AD24)/AJ$1,0) -> 0 | AK14: =IF($AC14=AK$1,SUM($AD14:$AD26)/AK$1,0) -> 0 | AO14: =COUNTIF(Results!R$5:R$36,AB14) -> 1 | AU14: =IF(Results!$R17=$AB$2,Results!AV17,"") | AV14: =IF(Results!$R17=$AB$4,Results!AW17,"") | AW14: =IF(Results!$R17=$AB$6,Results!AX17,"") | AX14: =IF(Results!$R17=$AB$8,Results!AY17,"") | AY14: =IF(Results!R17=AB$2,"Winner","") | AZ14: =IF(Results!R17=AB$4,"2nd Place","") | BA14: =IF(Results!R17=AB$6,"3rd Place","") | BB14: =IF(Results!R17=AB$8,"4th Place","") | BD14: =IF(ISNUMBER(FIND("Winner",Results!J17)),Setup!C$42,IF(ISNUMBER(FIND("2nd Place",Results!J17)),Setup!C$43,IF(ISNUMBER(FIND("3rd Place",Results!J17)),Setup!C$44,""))) | BG14: =SUM(F14:O14) -> 3 | BH14: =SUM(P14:T14)+BG14 -> 3
U15: =A15 -> 0 | BG15: =SUM(F15:O15) -> 0 | BH15: =SUM(P15:T15)+BG15 -> 0
A16: =Setup!B16 -> Manny | B16: =SUM(F16:I16) -> 2 | C16: =SUM(J16:O16) -> 5 | D16: =SUM(P16:T16) -> 1 | E16: =N45 -> 3 | F16: ='Day 1 - Match 1'!O20 -> 2 | G16: ='Day 1 - Match 2'!O20 -> 0 | H16: ='Day 1 - Match 3'!O20 -> 0 | I16: =F45 -> 0 | J16: ='Day 2A - Match 4'!O20 -> 2 | K16: ='Day 2A - Match 5'!O20 -> 0 | L16: ='Day 2A - Match 6'!O20 -> 1 | M16: ='Day 2B - Match 7'!O20 -> 2 | N16: ='Day 2B - Match 8'!O20 -> 0 | O16: ='Day 2B - Match 9'!O20 -> 0 | P16: ='Day 3 - Match 10'!O20 -> 0 | Q16: ='Day 3 - Match 11'!O20 -> 0 | R16: ='Day 3 - Match 12'!O20 -> 0 | S16: =J45 -> 0 | T16: =Scramble!AG20 -> 1 | U16: =A16 -> Manny | AB16: 8 | AC16: =COUNTIF($M$38:$M$53,AB16) -> 1 | AD16: =Setup!C56 -> 3 | AE16: =IF($AC16=AE$1,$AD16,0) -> 3 | AF16: =IF($AC16=$AF$1,SUM($AD16:$AD18)/$AF$1,0) -> 0 | AG16: =IF($AC16=$AG$1,SUM($AD16:$AD20)/$AG$1,0) -> 0 | AH16: =IF($AC16=$AH$1,SUM($AD16:$AD22)/$AH$1,0) -> 0 | AI16: =IF($AC16=AI$1,SUM($AD16:$AD24)/AI$1,0) -> 0 | AJ16: =IF($AC16=AJ$1,SUM($AD16:$AD26)/AJ$1,0) -> 0 | AK16: =IF($AC16=AK$1,SUM($AD16:$AD28)/AK$1,0) -> 0 | AO16: =COUNTIF(Results!R$5:R$36,AB16) -> 1 | AU16: =IF(Results!$R19=$AB$2,Results!AV19,"") | AV16: =IF(Results!$R19=$AB$4,Results!AW19,"") | AW16: =IF(Results!$R19=$AB$6,Results!AX19,"") | AX16: =IF(Results!$R19=$AB$8,Results!AY19,"") | AY16: =IF(Results!R19=AB$2,"Winner","") | AZ16: =IF(Results!R19=AB$4,"2nd Place","") | BA16: =IF(Results!R19=AB$6,"3rd Place","") | BB16: =IF(Results!R19=AB$8,"4th Place","") | BD16: =IF(ISNUMBER(FIND("Winner",Results!J19)),Setup!C$42,IF(ISNUMBER(FIND("2nd Place",Results!J19)),Setup!C$43,IF(ISNUMBER(FIND("3rd Place",Results!J19)),Setup!C$44,""))) | BG16: =SUM(F16:O16) -> 7 | BH16: =SUM(P16:T16)+BG16 -> 8
U17: =A17 -> 0 | BG17: =SUM(F17:O17) -> 0 | BH17: =SUM(P17:T17)+BG17 -> 0
A18: =Setup!B18 -> Tommy | B18: =SUM(F18:I18) -> 8 | C18: =SUM(J18:O18) -> 11 | D18: =SUM(P18:T18) -> 7 | E18: =N46 -> 6.625 | F18: ='Day 1 - Match 1'!O22 -> 2 | G18: ='Day 1 - Match 2'!O22 -> 2 | H18: ='Day 1 - Match 3'!O22 -> 2 | I18: =F46 -> 2 | J18: ='Day 2A - Match 4'!O22 -> 2 | K18: ='Day 2A - Match 5'!O22 -> 1 | L18: ='Day 2A - Match 6'!O22 -> 2 | M18: ='Day 2B - Match 7'!O22 -> 2 | N18: ='Day 2B - Match 8'!O22 -> 2 | O18: ='Day 2B - Match 9'!O22 -> 2 | P18: ='Day 3 - Match 10'!O22 -> 2 | Q18: ='Day 3 - Match 11'!O22 -> 0 | R18: ='Day 3 - Match 12'!O22 -> 2 | S18: =J46 -> 2 | T18: =Scramble!AG22 -> 1 | U18: =A18 -> Tommy | AB18: 9 | AC18: =COUNTIF($M$38:$M$53,AB18) -> 4 | AD18: =Setup!C57 -> 0 | AE18: =IF($AC18=AE$1,$AD18,0) -> 0 | AF18: =IF($AC18=$AF$1,SUM($AD18:$AD20)/$AF$1,0) -> 0 | AG18: =IF($AC18=$AG$1,SUM($AD18:$AD22)/$AG$1,0) -> 0 | AH18: =IF($AC18=$AH$1,SUM($AD18:$AD24)/$AH$1,0) -> 0 | AI18: =IF($AC18=AI$1,SUM($AD18:$AD26)/AI$1,0) -> 0 | AJ18: =IF($AC18=AJ$1,SUM($AD18:$AD28)/AJ$1,0) -> 0 | AK18: =IF($AC18=AK$1,SUM($AD18:$AD30)/AK$1,0) -> 0 | AO18: =COUNTIF(Results!R$5:R$36,AB18) -> 1 | AU18: =IF(Results!$R21=$AB$2,Results!AV21,"") | AV18: =IF(Results!$R21=$AB$4,Results!AW21,"") -> 350 | AW18: =IF(Results!$R21=$AB$6,Results!AX21,"") | AX18: =IF(Results!$R21=$AB$8,Results!AY21,"") | AY18: =IF(Results!R21=AB$2,"Winner","") | AZ18: =IF(Results!R21=AB$4,"2nd Place","") -> 2nd Place | BA18: =IF(Results!R21=AB$6,"3rd Place","") | BB18: =IF(Results!R21=AB$8,"4th Place","") | BD18: =IF(ISNUMBER(FIND("Winner",Results!J21)),Setup!C$42,IF(ISNUMBER(FIND("2nd Place",Results!J21)),Setup!C$43,IF(ISNUMBER(FIND("3rd Place",Results!J21)),Setup!C$44,""))) -> 350 | BG18: =SUM(F18:O18) -> 19 | BH18: =SUM(P18:T18)+BG18 -> 26
U19: =A19 -> 0 | BG19: =SUM(F19:O19) -> 0 | BH19: =SUM(P19:T19)+BG19 -> 0
A20: =Setup!B20 -> Dave | B20: =SUM(F20:I20) -> 6 | C20: =SUM(J20:O20) -> 7 | D20: =SUM(P20:T20) -> 1 | E20: =N47 -> 5 | F20: ='Day 1 - Match 1'!O24 -> 0 | G20: ='Day 1 - Match 2'!O24 -> 2 | H20: ='Day 1 - Match 3'!O24 -> 2 | I20: =F47 -> 2 | J20: ='Day 2A - Match 4'!O24 -> 2 | K20: ='Day 2A - Match 5'!O24 -> 1 | L20: ='Day 2A - Match 6'!O24 -> 2 | M20: ='Day 2B - Match 7'!O24 -> 0 | N20: ='Day 2B - Match 8'!O24 -> 2 | O20: ='Day 2B - Match 9'!O24 -> 0 | P20: ='Day 3 - Match 10'!O24 -> 0 | Q20: ='Day 3 - Match 11'!O24 -> 0 | R20: ='Day 3 - Match 12'!O24 -> 1 | S20: =J47 -> 0 | T20: =Scramble!AG24 -> 0 | U20: =A20 -> Dave | AB20: 10 | AC20: =COUNTIF($M$38:$M$53,AB20) -> 0 | AD20: =Setup!C58 -> 0 | AE20: =IF($AC20=AE$1,$AD20,0) -> 0 | AF20: =IF($AC20=$AF$1,SUM($AD20:$AD22)/$AF$1,0) -> 0 | AG20: =IF($AC20=$AG$1,SUM($AD20:$AD24)/$AG$1,0) -> 0 | AH20: =IF($AC20=$AH$1,SUM($AD20:$AD26)/$AH$1,0) -> 0 | AI20: =IF($AC20=AI$1,SUM($AD20:$AD28)/AI$1,0) -> 0 | AJ20: =IF($AC20=AJ$1,SUM($AD20:$AD30)/AJ$1,0) -> 0 | AK20: =IF($AC20=AK$1,SUM($AD20:$AD32)/AK$1,0) -> 0 | AO20: =COUNTIF(Results!R$5:R$36,AB20) -> 1 | AU20: =IF(Results!$R23=$AB$2,Results!AV23,"") | AV20: =IF(Results!$R23=$AB$4,Results!AW23,"") | AW20: =IF(Results!$R23=$AB$6,Results!AX23,"") | AX20: =IF(Results!$R23=$AB$8,Results!AY23,"") | AY20: =IF(Results!R23=AB$2,"Winner","") | AZ20: =IF(Results!R23=AB$4,"2nd Place","") | BA20: =IF(Results!R23=AB$6,"3rd Place","") | BB20: =IF(Results!R23=AB$8,"4th Place","") | BD20: =IF(ISNUMBER(FIND("Winner",Results!J23)),Setup!C$42,IF(ISNUMBER(FIND("2nd Place",Results!J23)),Setup!C$43,IF(ISNUMBER(FIND("3rd Place",Results!J23)),Setup!C$44,""))) | BG20: =SUM(F20:O20) -> 13 | BH20: =SUM(P20:T20)+BG20 -> 14
U21: =A21 -> 0 | BG21: =SUM(F21:O21) -> 0 | BH21: =SUM(P21:T21)+BG21 -> 0
A22: =Setup!B22 -> Hunter | B22: =SUM(F22:I22) -> 2 | C22: =SUM(J22:O22) -> 9 | D22: =SUM(P22:T22) -> 9 | E22: =N48 -> 0 | F22: ='Day 1 - Match 1'!O26 -> 2 | G22: ='Day 1 - Match 2'!O26 -> 0 | H22: ='Day 1 - Match 3'!O26 -> 0 | I22: =F48 -> 0 | J22: ='Day 2A - Match 4'!O26 -> 0 | K22: ='Day 2A - Match 5'!O26 -> 2 | L22: ='Day 2A - Match 6'!O26 -> 2 | M22: ='Day 2B - Match 7'!O26 -> 2 | N22: ='Day 2B - Match 8'!O26 -> 2 | O22: ='Day 2B - Match 9'!O26 -> 1 | P22: ='Day 3 - Match 10'!O26 -> 1 | Q22: ='Day 3 - Match 11'!O26 -> 2 | R22: ='Day 3 - Match 12'!O26 -> 2 | S22: =J48 -> 2 | T22: =Scramble!AG26 -> 2 | U22: =A22 -> Hunter | AB22: 11 | AC22: =COUNTIF($M$38:$M$53,AB22) -> 0 | AD22: =Setup!C59 -> 0 | AE22: =IF($AC22=AE$1,$AD22,0) -> 0 | AF22: =IF($AC22=$AF$1,SUM($AD22:$AD24)/$AF$1,0) -> 0 | AG22: =IF($AC22=$AG$1,SUM($AD22:$AD26)/$AG$1,0) -> 0 | AH22: =IF($AC22=$AH$1,SUM($AD22:$AD28)/$AH$1,0) -> 0 | AI22: =IF($AC22=AI$1,SUM($AD22:$AD30)/AI$1,0) -> 0 | AJ22: =IF($AC22=AJ$1,SUM($AD22:$AD32)/AJ$1,0) -> 0 | AK22: =IF($AC22=AK$1,SUM($AD22:$AD33)/AK$1,0) -> 0 | AO22: =COUNTIF(Results!R$5:R$36,AB22) -> 1 | AU22: =IF(Results!$R25=$AB$2,Results!AV25,"") | AV22: =IF(Results!$R25=$AB$4,Results!AW25,"") | AW22: =IF(Results!$R25=$AB$6,Results!AX25,"") | AX22: =IF(Results!$R25=$AB$8,Results!AY25,"") | AY22: =IF(Results!R25=AB$2,"Winner","") | AZ22: =IF(Results!R25=AB$4,"2nd Place","") | BA22: =IF(Results!R25=AB$6,"3rd Place","") | BB22: =IF(Results!R25=AB$8,"4th Place","") | BD22: =IF(ISNUMBER(FIND("Winner",Results!J25)),Setup!C$42,IF(ISNUMBER(FIND("2nd Place",Results!J25)),Setup!C$43,IF(ISNUMBER(FIND("3rd Place",Results!J25)),Setup!C$44,""))) | BG22: =SUM(F22:O22) -> 11 | BH22: =SUM(P22:T22)+BG22 -> 20
U23: =A23 -> 0 | BG23: =SUM(F23:O23) -> 0 | BH23: =SUM(P23:T23)+BG23 -> 0
A24: =Setup!B24 -> Gerald C | B24: =SUM(F24:I24) -> 0 | C24: =SUM(J24:O24) -> 2 | D24: =SUM(P24:T24) -> 7 | E24: =N49 -> 0 | F24: ='Day 1 - Match 1'!O28 -> 0 | G24: ='Day 1 - Match 2'!O28 -> 0 | H24: ='Day 1 - Match 3'!O28 -> 0 | I24: =F49 -> 0 | J24: ='Day 2A - Match 4'!O28 -> 0 | K24: ='Day 2A - Match 5'!O28 -> 2 | L24: ='Day 2A - Match 6'!O28 -> 0 | M24: ='Day 2B - Match 7'!O28 -> 0 | N24: ='Day 2B - Match 8'!O28 -> 0 | O24: ='Day 2B - Match 9'!O28 -> 0 | P24: ='Day 3 - Match 10'!O28 -> 0 | Q24: ='Day 3 - Match 11'!O28 -> 2 | R24: ='Day 3 - Match 12'!O28 -> 2 | S24: =J49 -> 0 | T24: =Scramble!AG28 -> 3 | U24: =A24 -> Gerald C | AB24: 12 | AC24: =COUNTIF($M$38:$M$53,AB24) -> 0 | AD24: =Setup!C60 -> 0 | AE24: =IF($AC24=AE$1,$AD24,0) -> 0 | AF24: =IF($AC24=$AF$1,SUM($AD24:$AD26)/$AF$1,0) -> 0 | AG24: =IF($AC24=$AG$1,SUM($AD24:$AD28)/$AG$1,0) -> 0 | AH24: =IF($AC24=$AH$1,SUM($AD24:$AD30)/$AH$1,0) -> 0 | AI24: =IF($AC24=AI$1,SUM($AD24:$AD32)/AI$1,0) -> 0 | AJ24: =IF($AC24=AJ$1,SUM($AD24:$AD33)/AJ$1,0) -> 0 | AK24: =IF($AC24=AK$1,SUM($AD24:$AD33)/AK$1,0) -> 0 | AO24: =COUNTIF(Results!R$5:R$36,AB24) -> 1 | AU24: =IF(Results!$R27=$AB$2,Results!AV27,"") | AV24: =IF(Results!$R27=$AB$4,Results!AW27,"") | AW24: =IF(Results!$R27=$AB$6,Results!AX27,"") | AX24: =IF(Results!$R27=$AB$8,Results!AY27,"") | AY24: =IF(Results!R27=AB$2,"Winner","") | AZ24: =IF(Results!R27=AB$4,"2nd Place","") | BA24: =IF(Results!R27=AB$6,"3rd Place","") | BB24: =IF(Results!R27=AB$8,"4th Place","") | BD24: =IF(ISNUMBER(FIND("Winner",Results!J27)),Setup!C$42,IF(ISNUMBER(FIND("2nd Place",Results!J27)),Setup!C$43,IF(ISNUMBER(FIND("3rd Place",Results!J27)),Setup!C$44,""))) | BG24: =SUM(F24:O24) -> 2 | BH24: =SUM(P24:T24)+BG24 -> 9
U25: =A25 -> 0 | BG25: =SUM(F25:O25) -> 0 | BH25: =SUM(P25:T25)+BG25 -> 0
A26: =Setup!B26 -> Bob | B26: =SUM(F26:I26) -> 6 | C26: =SUM(J26:O26) -> 8 | D26: =SUM(P26:T26) -> 4 | E26: =N50 -> 10 | F26: ='Day 1 - Match 1'!O30 -> 2 | G26: ='Day 1 - Match 2'!O30 -> 2 | H26: ='Day 1 - Match 3'!O30 -> 2 | I26: =F50 -> 0 | J26: ='Day 2A - Match 4'!O30 -> 0 | K26: ='Day 2A - Match 5'!O30 -> 2 | L26: ='Day 2A - Match 6'!O30 -> 2 | M26: ='Day 2B - Match 7'!O30 -> 2 | N26: ='Day 2B - Match 8'!O30 -> 0 | O26: ='Day 2B - Match 9'!O30 -> 2 | P26: ='Day 3 - Match 10'!O30 -> 2 | Q26: ='Day 3 - Match 11'!O30 -> 0 | R26: ='Day 3 - Match 12'!O30 -> 0 | S26: =J50 -> 0 | T26: =Scramble!AG30 -> 2 | U26: =A26 -> Bob | AB26: 13 | AC26: =COUNTIF($M$38:$M$53,AB26) -> 1 | AD26: =Setup!C61 -> 0 | AE26: =IF($AC26=AE$1,$AD26,0) -> 0 | AF26: =IF($AC26=$AF$1,SUM($AD26:$AD28)/$AF$1,0) -> 0 | AG26: =IF($AC26=$AG$1,SUM($AD26:$AD30)/$AG$1,0) -> 0 | AH26: =IF($AC26=$AH$1,SUM($AD26:$AD32)/$AH$1,0) -> 0 | AI26: =IF($AC26=AI$1,SUM($AD26:$AD33)/AI$1,0) -> 0 | AJ26: =IF($AC26=AJ$1,SUM($AD26:$AD33)/AJ$1,0) -> 0 | AK26: =IF($AC26=AK$1,SUM($AD26:$AD33)/AK$1,0) -> 0 | AO26: =COUNTIF(Results!R$5:R$36,AB26) -> 1 | AU26: =IF(Results!$R29=$AB$2,Results!AV29,"") | AV26: =IF(Results!$R29=$AB$4,Results!AW29,"") | AW26: =IF(Results!$R29=$AB$6,Results!AX29,"") | AX26: =IF(Results!$R29=$AB$8,Results!AY29,"") -> 0 | AY26: =IF(Results!R29=AB$2,"Winner","") | AZ26: =IF(Results!R29=AB$4,"2nd Place","") | BA26: =IF(Results!R29=AB$6,"3rd Place","") | BB26: =IF(Results!R29=AB$8,"4th Place","") -> 4th Place | BD26: =IF(ISNUMBER(FIND("Winner",Results!J29)),Setup!C$42,IF(ISNUMBER(FIND("2nd Place",Results!J29)),Setup!C$43,IF(ISNUMBER(FIND("3rd Place",Results!J29)),Setup!C$44,""))) | BG26: =SUM(F26:O26) -> 14 | BH26: =SUM(P26:T26)+BG26 -> 18
U27: =A27 -> 0 | BG27: =SUM(F27:O27) -> 0 | BH27: =SUM(P27:T27)+BG27 -> 0
A28: =Setup!B28 -> Patrick | B28: =SUM(F28:I28) -> 0 | C28: =SUM(J28:O28) -> 2 | D28: =SUM(P28:T28) -> 5 | E28: =N51 -> 0 | F28: ='Day 1 - Match 1'!O32 -> 0 | G28: ='Day 1 - Match 2'!O32 -> 0 | H28: ='Day 1 - Match 3'!O32 -> 0 | I28: =F51 -> 0 | J28: ='Day 2A - Match 4'!O32 -> 0 | K28: ='Day 2A - Match 5'!O32 -> 2 | L28: ='Day 2A - Match 6'!O32 -> 0 | M28: ='Day 2B - Match 7'!O32 -> 0 | N28: ='Day 2B - Match 8'!O32 -> 0 | O28: ='Day 2B - Match 9'!O32 -> 0 | P28: ='Day 3 - Match 10'!O32 -> 2 | Q28: ='Day 3 - Match 11'!O32 -> 0 | R28: ='Day 3 - Match 12'!O32 -> 0 | S28: =J51 -> 0 | T28: =Scramble!AG32 -> 3 | U28: =A28 -> Patrick | AB28: 14 | AC28: =COUNTIF($M$38:$M$53,AB28) -> 1 | AD28: =Setup!C62 -> 0 | AE28: =IF($AC28=AE$1,$AD28,0) -> 0 | AF28: =IF($AC28=$AF$1,SUM($AD28:$AD30)/$AF$1,0) -> 0 | AG28: =IF($AC28=$AG$1,SUM($AD28:$AD32)/$AG$1,0) -> 0 | AH28: =IF($AC28=$AH$1,SUM($AD28:$AD33)/$AH$1,0) -> 0 | AI28: =IF($AC28=AI$1,SUM($AD28:$AD33)/AI$1,0) -> 0 | AJ28: =IF($AC28=AJ$1,SUM($AD28:$AD33)/AJ$1,0) -> 0 | AK28: =IF($AC28=AK$1,SUM($AD28:$AD33)/AK$1,0) -> 0 | AO28: =COUNTIF(Results!R$5:R$36,AB28) -> 1 | AU28: =IF(Results!$R31=$AB$2,Results!AV31,"") | AV28: =IF(Results!$R31=$AB$4,Results!AW31,"") | AW28: =IF(Results!$R31=$AB$6,Results!AX31,"") | AX28: =IF(Results!$R31=$AB$8,Results!AY31,"") | AY28: =IF(Results!R31=AB$2,"Winner","") | AZ28: =IF(Results!R31=AB$4,"2nd Place","") | BA28: =IF(Results!R31=AB$6,"3rd Place","") | BB28: =IF(Results!R31=AB$8,"4th Place","") | BD28: =IF(ISNUMBER(FIND("Winner",Results!J31)),Setup!C$42,IF(ISNUMBER(FIND("2nd Place",Results!J31)),Setup!C$43,IF(ISNUMBER(FIND("3rd Place",Results!J31)),Setup!C$44,""))) | BG28: =SUM(F28:O28) -> 2 | BH28: =SUM(P28:T28)+BG28 -> 7
U29: =A29 -> 0 | BG29: =SUM(F29:O29) -> 0 | BH29: =SUM(P29:T29)+BG29 -> 0
A30: =Setup!B30 -> Brian S | B30: =SUM(F30:I30) -> 6 | C30: =SUM(J30:O30) -> 5 | D30: =SUM(P30:T30) -> 7 | E30: =N52 -> 0 | F30: ='Day 1 - Match 1'!O34 -> 2 | G30: ='Day 1 - Match 2'!O34 -> 0 | H30: ='Day 1 - Match 3'!O34 -> 2 | I30: =F52 -> 2 | J30: ='Day 2A - Match 4'!O34 -> 1 | K30: ='Day 2A - Match 5'!O34 -> 0 | L30: ='Day 2A - Match 6'!O34 -> 0 | M30: ='Day 2B - Match 7'!O34 -> 0 | N30: ='Day 2B - Match 8'!O34 -> 2 | O30: ='Day 2B - Match 9'!O34 -> 2 | P30: ='Day 3 - Match 10'!O34 -> 2 | Q30: ='Day 3 - Match 11'!O34 -> 2 | R30: ='Day 3 - Match 12'!O34 -> 2 | S30: =J52 -> 0 | T30: =Scramble!AG34 -> 1 | U30: =A30 -> Brian S | AB30: 15 | AC30: =COUNTIF($M$38:$M$53,AB30) -> 1 | AD30: =Setup!C63 -> 0 | AE30: =IF($AC30=AE$1,$AD30,0) -> 0 | AF30: =IF($AC30=$AF$1,SUM($AD30:$AD32)/$AF$1,0) -> 0 | AG30: =IF($AC30=$AG$1,SUM($AD30:$AD33)/$AG$1,0) -> 0 | AH30: =IF($AC30=$AH$1,SUM($AD30:$AD33)/$AH$1,0) -> 0 | AI30: =IF($AC30=AI$1,SUM($AD30:$AD33)/AI$1,0) -> 0 | AJ30: =IF($AC30=AJ$1,SUM($AD30:$AD33)/AJ$1,0) -> 0 | AK30: =IF($AC30=AK$1,SUM($AD30:$AD33)/AK$1,0) -> 0 | AO30: =COUNTIF(Results!R$5:R$36,AB30) -> 1 | AU30: =IF(Results!$R33=$AB$2,Results!AV33,"") | AV30: =IF(Results!$R33=$AB$4,Results!AW33,"") | AW30: =IF(Results!$R33=$AB$6,Results!AX33,"") | AX30: =IF(Results!$R33=$AB$8,Results!AY33,"") | AY30: =IF(Results!R33=AB$2,"Winner","") | AZ30: =IF(Results!R33=AB$4,"2nd Place","") | BA30: =IF(Results!R33=AB$6,"3rd Place","") | BB30: =IF(Results!R33=AB$8,"4th Place","") | BD30: =IF(ISNUMBER(FIND("Winner",Results!J37)),Setup!C$42,IF(ISNUMBER(FIND("2nd Place",Results!J37)),Setup!C$43,IF(ISNUMBER(FIND("3rd Place",Results!J37)),Setup!C$44,""))) | BG30: =SUM(F30:O30) -> 11 | BH30: =SUM(P30:T30)+BG30 -> 18
U31: =A31 -> 0 | BG31: =SUM(F31:O31) -> 0 | BH31: =SUM(P31:T31)+BG31 -> 0
A32: =Setup!B32 -> Chris | B32: =SUM(F32:I32) -> 2 | C32: =SUM(J32:O32) -> 6 | D32: =SUM(P32:T32) -> 4 | E32: =N53 -> 0 | F32: ='Day 1 - Match 1'!O36 -> 0 | G32: ='Day 1 - Match 2'!O36 -> 2 | H32: ='Day 1 - Match 3'!O36 -> 0 | I32: =F53 -> 0 | J32: ='Day 2A - Match 4'!O36 -> 0 | K32: ='Day 2A - Match 5'!O36 -> 2 | L32: ='Day 2A - Match 6'!O36 -> 2 | M32: ='Day 2B - Match 7'!O36 -> 0 | N32: ='Day 2B - Match 8'!O36 -> 0 | O32: ='Day 2B - Match 9'!O36 -> 2 | P32: ='Day 3 - Match 10'!O36 -> 0 | Q32: ='Day 3 - Match 11'!O36 -> 2 | R32: ='Day 3 - Match 12'!O36 -> 0 | S32: =J53 -> 2 | T32: =Scramble!AG36 -> 0 | U32: =A32 -> Chris | AB32: 16 | AC32: =COUNTIF($M$38:$M$53,AB32) -> 1 | AD32: =Setup!C64 -> 0 | AE32: =IF($AC32=AE$1,$AD32,0) -> 0 | AF32: =IF($AC32=$AF$1,SUM($AD32:$AD33)/$AF$1,0) -> 0 | AG32: =IF($AC32=$AG$1,SUM($AD32:$AD33)/$AG$1,0) -> 0 | AH32: =IF($AC32=$AH$1,SUM($AD32:$AD33)/$AH$1,0) -> 0 | AI32: =IF($AC32=AI$1,SUM($AD32:$AD33)/AI$1,0) -> 0 | AJ32: =IF($AC32=AJ$1,SUM($AD32:$AD33)/AJ$1,0) -> 0 | AK32: =IF($AC32=AK$1,SUM($AD32:$AD33)/AK$1,0) -> 0 | AO32: =COUNTIF(Results!R$5:R$36,AB32) -> 1 | AU32: =IF(Results!$R35=$AB$2,Results!AV35,"") | AV32: =IF(Results!$R35=$AB$4,Results!AW35,"") | AW32: =IF(Results!$R35=$AB$6,Results!AX35,"") | AX32: =IF(Results!$R35=$AB$8,Results!AY35,"") | AY32: =IF(Results!R35=AB$2,"Winner","") | AZ32: =IF(Results!R35=AB$4,"2nd Place","") | BA32: =IF(Results!R35=AB$6,"3rd Place","") | BB32: =IF(Results!R35=AB$8,"4th Place","") | BD32: =IF(ISNUMBER(FIND("Winner",Results!J39)),Setup!C$42,IF(ISNUMBER(FIND("2nd Place",Results!J39)),Setup!C$43,IF(ISNUMBER(FIND("3rd Place",Results!J39)),Setup!C$44,""))) | BG32: =SUM(F32:O32) -> 8 | BH32: =SUM(P32:T32)+BG32 -> 12
A34: Totals | B34: =SUM(B2:B32) -> 64 | C34: =SUM(C2:C32) -> 96 | D34: =SUM(D2:D32) -> 88 | E34: =SUM(E2:E32) -> 55.75 | F34: =SUM(F2:F32) -> 16 | G34: =SUM(G2:G32) -> 16 | H34: =SUM(H2:H32) -> 16 | I34: =SUM(I2:I32) -> 16 | ... T34: =SUM(T2:T32) -> 24 | BD34: =IF(ISNUMBER(FIND("Winner",Results!#REF!)),Setup!C$42,IF(ISNUMBER(FIND("2nd Place",Results!#REF!)),Setup!C$43,IF(ISNUMBER(FIND("3rd Place",Results!#REF!)),Setup!C$44,"")))
A36: Stroke Play Calculations | C36: Day 1 | G36: Day 3 | K36: Day 4
A37: Player | B37: Handicap | C37: Score | D37: Net | E37: Rank | F37: Points | G37: Score | H37: Net | I37: Rank | J37: Points | K37: Score | L37: Net | M37: Rank | N37: Points
A38: =A2 -> Mil | B38: =ROUND(Setup!I2,0) -> 12 | C38: =SUM('Day 1 - Match 1:Day 1 - Match 2'!$N6) -> 87 | D38: =C38-$B38 -> 75 | E38: =RANK(D38,D$38:D$53,1) -> 3 | F38: =IF(E38<9,2,0) -> 2 | G38: =SUM('Day 3 - Match 10:Day 3 - Match 11'!N6) -> 91 | H38: =G38-($B38) -> 79 | I38: =RANK(H38,H$38:H$53,1) -> 9 | J38: =IF(I38<9,2,0) -> 0 | K38: ='Day 4 - Front 9'!N6+'Day 4 - Back 9'!N6 -> 101 | L38: =K38-B38 -> 89 | M38: =RANK(L38,L$38:L$53,1) -> 13 | N38: =SUM(AE38:AN38) -> 0 | AE38: =IF(AE$1=$M38,SUM($AE$2:$AK$2),0) -> 0 | AF38: =IF(AF$1=$M38,SUM($AE$4:$AI$4),0) -> 0 | AG38: =IF(AG$1=$M38,SUM($AE$6:$AI$6),0) -> 0 | AH38: =IF(AH$1=$M38,SUM($AE$8:$AI$8),0) -> 0 | AI38: =IF(AI$1=$M38,SUM($AE$10:$AI$10),0) -> 0 | AJ38: =IF(AJ$1=$M38,SUM($AE$12:$AI$12),0) -> 0 | AK38: =IF(AK$1=$M38,SUM($AE$14:$AI$14),0) -> 0 | AL38: =IF(AL$1=$M38,SUM($AE$16:$AI$16),0) -> 0 | AM38: =IF(AM$1=$M38,SUM($AE$18:$AI$18),0) -> 0 | AN38: =IF(AN$1=$M38,SUM($AE$20:$AI$20),0) -> 0
A39: =A4 -> John | B39: =ROUND(Setup!I4,0) -> 14 | C39: =SUM('Day 1 - Match 1:Day 1 - Match 2'!$N8) -> 83 | D39: =C39-$B39 -> 69 | E39: =RANK(D39,D$38:D$53,1) -> 1 | F39: =IF(E39<9,2,0) -> 2 | G39: =SUM('Day 3 - Match 10:Day 3 - Match 11'!N8) -> 88 | H39: =G39-($B39) -> 74 | I39: =RANK(H39,H$38:H$53,1) -> 4 | J39: =IF(I39<9,2,0) -> 2 | K39: ='Day 4 - Front 9'!N8+'Day 4 - Back 9'!N8 -> 83 | L39: =K39-B39 -> 69 | M39: =RANK(L39,L$38:L$53,1) -> 1 | N39: =SUM(AE39:AN39) -> 12 | AE39: =IF(AE$1=$M39,SUM(AE$2:AK$2),0) -> 12 | AF39: =IF(AF$1=$M39,SUM($AE$4:$AI$4),0) -> 0 | AG39: =IF(AG$1=$M39,SUM($AE$6:$AI$6),0) -> 0 | AH39: =IF(AH$1=$M39,SUM($AE$8:$AI$8),0) -> 0 | AI39: =IF(AI$1=$M39,SUM($AE$10:$AI$10),0) -> 0 | AJ39: =IF(AJ$1=$M39,SUM($AE$12:$AI$12),0) -> 0 | AK39: =IF(AK$1=$M39,SUM($AE$14:$AI$14),0) -> 0 | AL39: =IF(AL$1=$M39,SUM($AE$16:$AI$16),0) -> 0 | AM39: =IF(AM$1=$M39,SUM($AE$18:$AI$18),0) -> 0 | AN39: =IF(AN$1=$M39,SUM($AE$20:$AI$20),0) -> 0
A40: =A6 -> Brian P | B40: =ROUND(Setup!I6,0) -> 12 | C40: =SUM('Day 1 - Match 1:Day 1 - Match 2'!$N10) -> 94 | D40: =C40-$B40 -> 82 | E40: =RANK(D40,D$38:D$53,1) -> 11 | F40: =IF(E40<9,2,0) -> 0 | G40: =SUM('Day 3 - Match 10:Day 3 - Match 11'!N10) -> 89 | H40: =G40-($B40) -> 77 | I40: =RANK(H40,H$38:H$53,1) -> 6 | J40: =IF(I40<9,2,0) -> 2 | K40: ='Day 4 - Front 9'!N10+'Day 4 - Back 9'!N10 -> 88 | L40: =K40-B40 -> 76 | M40: =RANK(L40,L$38:L$53,1) -> 3 | N40: =SUM(AE40:AN40) -> 8.5 | AE40: =IF(AE$1=$M40,SUM(AE$2:AK$2),0) -> 0 | AF40: =IF(AF$1=$M40,SUM($AE$4:$AI$4),0) -> 0 | AG40: =IF(AG$1=$M40,SUM($AE$6:$AI$6),0) -> 8.5 | AH40: =IF(AH$1=$M40,SUM($AE$8:$AI$8),0) -> 0 | AI40: =IF(AI$1=$M40,SUM($AE$10:$AI$10),0) -> 0 | AJ40: =IF(AJ$1=$M40,SUM($AE$12:$AI$12),0) -> 0 | AK40: =IF(AK$1=$M40,SUM($AE$14:$AI$14),0) -> 0 | AL40: =IF(AL$1=$M40,SUM($AE$16:$AI$16),0) -> 0 | AM40: =IF(AM$1=$M40,SUM($AE$18:$AI$18),0) -> 0 | AN40: =IF(AN$1=$M40,SUM($AE$20:$AI$20),0) -> 0
A41: =A8 -> Pat | B41: =ROUND(Setup!I8,0) -> 13 | C41: =SUM('Day 1 - Match 1:Day 1 - Match 2'!$N12) -> 89 | D41: =C41-$B41 -> 76 | E41: =RANK(D41,D$38:D$53,1) -> 5 | F41: =IF(E41<9,2,0) -> 2 | G41: =SUM('Day 3 - Match 10:Day 3 - Match 11'!N12) -> 91 | H41: =G41-($B41) -> 78 | I41: =RANK(H41,H$38:H$53,1) -> 8 | J41: =IF(I41<9,2,0) -> 2 | K41: ='Day 4 - Front 9'!N12+'Day 4 - Back 9'!N12 -> 90 | L41: =K41-B41 -> 77 | M41: =RANK(L41,L$38:L$53,1) -> 4 | N41: =SUM(AE41:AN41) -> 6.625 | AE41: =IF(AE$1=$M41,SUM(AE$2:AK$2),0) -> 0 | AF41: =IF(AF$1=$M41,SUM($AE$4:$AI$4),0) -> 0 | AG41: =IF(AG$1=$M41,SUM($AE$6:$AI$6),0) -> 0 | AH41: =IF(AH$1=$M41,SUM($AE$8:$AI$8),0) -> 6.625 | AI41: =IF(AI$1=$M41,SUM($AE$10:$AI$10),0) -> 0 | AJ41: =IF(AJ$1=$M41,SUM($AE$12:$AI$12),0) -> 0 | AK41: =IF(AK$1=$M41,SUM($AE$14:$AI$14),0) -> 0 | AL41: =IF(AL$1=$M41,SUM($AE$16:$AI$16),0) -> 0 | AM41: =IF(AM$1=$M41,SUM($AE$18:$AI$18),0) -> 0 | AN41: =IF(AN$1=$M41,SUM($AE$20:$AI$20),0) -> 0
A42: =A10 -> Rick | B42: =ROUND(Setup!I10,0) -> 15 | C42: =SUM('Day 1 - Match 1:Day 1 - Match 2'!$N14) -> 91 | D42: =C42-$B42 -> 76 | E42: =RANK(D42,D$38:D$53,1) -> 5 | F42: =IF(E42<9,2,0) -> 2 | G42: =SUM('Day 3 - Match 10:Day 3 - Match 11'!N14) -> 84 | H42: =G42-($B42) -> 69 | I42: =RANK(H42,H$38:H$53,1) -> 1 | J42: =IF(I42<9,2,0) -> 2 | K42: ='Day 4 - Front 9'!N14+'Day 4 - Back 9'!N14 -> 94 | L42: =K42-B42 -> 79 | M42: =RANK(L42,L$38:L$53,1) -> 7 | N42: =SUM(AE42:AN42) -> 4 | AE42: =IF(AE$1=$M42,SUM(AE$2:AK$2),0) -> 0 | AF42: =IF(AF$1=$M42,SUM($AE$4:$AI$4),0) -> 0 | AG42: =IF(AG$1=$M42,SUM($AE$6:$AI$6),0) -> 0 | AH42: =IF(AH$1=$M42,SUM($AE$8:$AI$8),0) -> 0 | AI42: =IF(AI$1=$M42,SUM($AE$10:$AI$10),0) -> 0 | AJ42: =IF(AJ$1=$M42,SUM($AE$12:$AI$12),0) -> 0 | AK42: =IF(AK$1=$M42,SUM($AE$14:$AI$14),0) -> 4 | AL42: =IF(AL$1=$M42,SUM($AE$16:$AI$16),0) -> 0 | AM42: =IF(AM$1=$M42,SUM($AE$18:$AI$18),0) -> 0 | AN42: =IF(AN$1=$M42,SUM($AE$20:$AI$20),0) -> 0
A43: =A12 -> Keith | B43: =ROUND(Setup!I12,0) -> 32 | C43: =SUM('Day 1 - Match 1:Day 1 - Match 2'!$N16) -> 106 | D43: =C43-$B43 -> 74 | E43: =RANK(D43,D$38:D$53,1) -> 2 | F43: =IF(E43<9,2,0) -> 2 | G43: =SUM('Day 3 - Match 10:Day 3 - Match 11'!N16) -> 102 | H43: =G43-($B43) -> 70 | I43: =RANK(H43,H$38:H$53,1) -> 2 | J43: =IF(I43<9,2,0) -> 2 | K43: ='Day 4 - Front 9'!N16+'Day 4 - Back 9'!N16 -> 131 | L43: =K43-B43 -> 99 | M43: =RANK(L43,L$38:L$53,1) -> 15 | N43: =SUM(AE43:AN43) -> 0 | AE43: =IF(AE$1=$M43,SUM(AE$2:AK$2),0) -> 0 | AF43: =IF(AF$1=$M43,SUM($AE$4:$AI$4),0) -> 0 | AG43: =IF(AG$1=$M43,SUM($AE$6:$AI$6),0) -> 0 | AH43: =IF(AH$1=$M43,SUM($AE$8:$AI$8),0) -> 0 | AI43: =IF(AI$1=$M43,SUM($AE$10:$AI$10),0) -> 0 | AJ43: =IF(AJ$1=$M43,SUM($AE$12:$AI$12),0) -> 0 | AK43: =IF(AK$1=$M43,SUM($AE$14:$AI$14),0) -> 0 | AL43: =IF(AL$1=$M43,SUM($AE$16:$AI$16),0) -> 0 | AM43: =IF(AM$1=$M43,SUM($AE$18:$AI$18),0) -> 0 | AN43: =IF(AN$1=$M43,SUM($AE$20:$AI$20),0) -> 0
A44: =A14 -> Tony W | B44: =ROUND(Setup!I14,0) -> 19 | C44: =SUM('Day 1 - Match 1:Day 1 - Match 2'!$N18) -> 100 | D44: =C44-$B44 -> 81 | E44: =RANK(D44,D$38:D$53,1) -> 10 | F44: =IF(E44<9,2,0) -> 0 | G44: =SUM('Day 3 - Match 10:Day 3 - Match 11'!N18) -> 109 | H44: =G44-($B44) -> 90 | I44: =RANK(H44,H$38:H$53,1) -> 15 | J44: =IF(I44<9,2,0) -> 0 | K44: ='Day 4 - Front 9'!N18+'Day 4 - Back 9'!N18 -> 107 | L44: =K44-B44 -> 88 | M44: =RANK(L44,L$38:L$53,1) -> 9 | N44: =SUM(AE44:AN44) -> 0 | AE44: =IF(AE$1=$M44,SUM(AE$2:AK$2),0) -> 0 | AF44: =IF(AF$1=$M44,SUM($AE$4:$AI$4),0) -> 0 | AG44: =IF(AG$1=$M44,SUM($AE$6:$AI$6),0) -> 0 | AH44: =IF(AH$1=$M44,SUM($AE$8:$AI$8),0) -> 0 | AI44: =IF(AI$1=$M44,SUM($AE$10:$AI$10),0) -> 0 | AJ44: =IF(AJ$1=$M44,SUM($AE$12:$AI$12),0) -> 0 | AK44: =IF(AK$1=$M44,SUM($AE$14:$AI$14),0) -> 0 | AL44: =IF(AL$1=$M44,SUM($AE$16:$AI$16),0) -> 0 | AM44: =IF(AM$1=$M44,SUM($AE$18:$AI$18),0) -> 0 | AN44: =IF(AN$1=$M44,SUM($AE$20:$AI$20),0) -> 0
A45: =A16 -> Manny | B45: =ROUND(Setup!I16,0) -> 28 | C45: =SUM('Day 1 - Match 1:Day 1 - Match 2'!$N20) -> 118 | D45: =C45-$B45 -> 90 | E45: =RANK(D45,D$38:D$53,1) -> 15 | F45: =IF(E45<9,2,0) -> 0 | G45: =SUM('Day 3 - Match 10:Day 3 - Match 11'!N20) -> 114 | H45: =G45-($B45) -> 86 | I45: =RANK(H45,H$38:H$53,1) -> 14 | J45: =IF(I45<9,2,0) -> 0 | K45: ='Day 4 - Front 9'!N20+'Day 4 - Back 9'!N20 -> 113 | L45: =K45-B45 -> 85 | M45: =RANK(L45,L$38:L$53,1) -> 8 | N45: =SUM(AE45:AN45) -> 3 | AE45: =IF(AE$1=$M45,SUM(AE$2:AK$2),0) -> 0 | AF45: =IF(AF$1=$M45,SUM($AE$4:$AI$4),0) -> 0 | AG45: =IF(AG$1=$M45,SUM($AE$6:$AI$6),0) -> 0 | AH45: =IF(AH$1=$M45,SUM($AE$8:$AI$8),0) -> 0 | AI45: =IF(AI$1=$M45,SUM($AE$10:$AI$10),0) -> 0 | AJ45: =IF(AJ$1=$M45,SUM($AE$12:$AI$12),0) -> 0 | AK45: =IF(AK$1=$M45,SUM($AE$14:$AI$14),0) -> 0 | AL45: =IF(AL$1=$M45,SUM($AE$16:$AI$16),0) -> 3 | AM45: =IF(AM$1=$M45,SUM($AE$18:$AI$18),0) -> 0 | AN45: =IF(AN$1=$M45,SUM($AE$20:$AI$20),0) -> 0
A46: =A18 -> Tommy | B46: =ROUND(Setup!I18,0) -> 10 | C46: =SUM('Day 1 - Match 1:Day 1 - Match 2'!$N22) -> 88 | D46: =C46-$B46 -> 78 | E46: =RANK(D46,D$38:D$53,1) -> 7 | F46: =IF(E46<9,2,0) -> 2 | G46: =SUM('Day 3 - Match 10:Day 3 - Match 11'!N22) -> 86 | H46: =G46-($B46) -> 76 | I46: =RANK(H46,H$38:H$53,1) -> 5 | J46: =IF(I46<9,2,0) -> 2 | K46: ='Day 4 - Front 9'!N22+'Day 4 - Back 9'!N22 -> 87 | L46: =K46-B46 -> 77 | M46: =RANK(L46,L$38:L$53,1) -> 4 | N46: =SUM(AE46:AN46) -> 6.625 | AE46: =IF(AE$1=$M46,SUM(AE$2:AK$2),0) -> 0 | AF46: =IF(AF$1=$M46,SUM($AE$4:$AI$4),0) -> 0 | AG46: =IF(AG$1=$M46,SUM($AE$6:$AI$6),0) -> 0 | AH46: =IF(AH$1=$M46,SUM($AE$8:$AI$8),0) -> 6.625 | AI46: =IF(AI$1=$M46,SUM($AE$10:$AI$10),0) -> 0 | AJ46: =IF(AJ$1=$M46,SUM($AE$12:$AI$12),0) -> 0 | AK46: =IF(AK$1=$M46,SUM($AE$14:$AI$14),0) -> 0 | AL46: =IF(AL$1=$M46,SUM($AE$16:$AI$16),0) -> 0 | AM46: =IF(AM$1=$M46,SUM($AE$18:$AI$18),0) -> 0 | AN46: =IF(AN$1=$M46,SUM($AE$20:$AI$20),0) -> 0
A47: =A20 -> Dave | B47: =ROUND(Setup!I20,0) -> 10 | C47: =SUM('Day 1 - Match 1:Day 1 - Match 2'!$N24) -> 88 | D47: =C47-$B47 -> 78 | E47: =RANK(D47,D$38:D$53,1) -> 7 | F47: =IF(E47<9,2,0) -> 2 | G47: =SUM('Day 3 - Match 10:Day 3 - Match 11'!N24) -> 90 | H47: =G47-($B47) -> 80 | I47: =RANK(H47,H$38:H$53,1) -> 10 | J47: =IF(I47<9,2,0) -> 0 | K47: ='Day 4 - Front 9'!N24+'Day 4 - Back 9'!N24 -> 88 | L47: =K47-B47 -> 78 | M47: =RANK(L47,L$38:L$53,1) -> 6 | N47: =SUM(AE47:AN47) -> 5 | AE47: =IF(AE$1=$M47,SUM(AE$2:AK$2),0) -> 0 | AF47: =IF(AF$1=$M47,SUM($AE$4:$AI$4),0) -> 0 | AG47: =IF(AG$1=$M47,SUM($AE$6:$AI$6),0) -> 0 | AH47: =IF(AH$1=$M47,SUM($AE$8:$AI$8),0) -> 0 | AI47: =IF(AI$1=$M47,SUM($AE$10:$AI$10),0) -> 0 | AJ47: =IF(AJ$1=$M47,SUM($AE$12:$AI$12),0) -> 5 | AK47: =IF(AK$1=$M47,SUM($AE$14:$AI$14),0) -> 0 | AL47: =IF(AL$1=$M47,SUM($AE$16:$AI$16),0) -> 0 | AM47: =IF(AM$1=$M47,SUM($AE$18:$AI$18),0) -> 0 | AN47: =IF(AN$1=$M47,SUM($AE$20:$AI$20),0) -> 0
A48: =A22 -> Hunter | B48: =ROUND(Setup!I22,0) -> 15 | C48: =SUM('Day 1 - Match 1:Day 1 - Match 2'!$N26) -> 104 | D48: =C48-$B48 -> 89 | E48: =RANK(D48,D$38:D$53,1) -> 14 | F48: =IF(E48<9,2,0) -> 0 | G48: =SUM('Day 3 - Match 10:Day 3 - Match 11'!N26) -> 88 | H48: =G48-($B48) -> 73 | I48: =RANK(H48,H$38:H$53,1) -> 3 | J48: =IF(I48<9,2,0) -> 2 | K48: ='Day 4 - Front 9'!N26+'Day 4 - Back 9'!N26 -> 120 | L48: =K48-B48 -> 105 | M48: =RANK(L48,L$38:L$53,1) -> 16 | N48: =SUM(AE48:AN48) -> 0 | AE48: =IF(AE$1=$M48,SUM(AE$2:AK$2),0) -> 0 | AF48: =IF(AF$1=$M48,SUM($AE$4:$AI$4),0) -> 0 | AG48: =IF(AG$1=$M48,SUM($AE$6:$AI$6),0) -> 0 | AH48: =IF(AH$1=$M48,SUM($AE$8:$AI$8),0) -> 0 | AI48: =IF(AI$1=$M48,SUM($AE$10:$AI$10),0) -> 0 | AJ48: =IF(AJ$1=$M48,SUM($AE$12:$AI$12),0) -> 0 | AK48: =IF(AK$1=$M48,SUM($AE$14:$AI$14),0) -> 0 | AL48: =IF(AL$1=$M48,SUM($AE$16:$AI$16),0) -> 0 | AM48: =IF(AM$1=$M48,SUM($AE$18:$AI$18),0) -> 0 | AN48: =IF(AN$1=$M48,SUM($AE$20:$AI$20),0) -> 0
A49: =A24 -> Gerald C | B49: =ROUND(Setup!I24,0) -> 24 | C49: =SUM('Day 1 - Match 1:Day 1 - Match 2'!$N28) -> 112 | D49: =C49-$B49 -> 88 | E49: =RANK(D49,D$38:D$53,1) -> 13 | F49: =IF(E49<9,2,0) -> 0 | G49: =SUM('Day 3 - Match 10:Day 3 - Match 11'!N28) -> 107 | H49: =G49-($B49) -> 83 | I49: =RANK(H49,H$38:H$53,1) -> 12 | J49: =IF(I49<9,2,0) -> 0 | K49: ='Day 4 - Front 9'!N28+'Day 4 - Back 9'!N28 -> 112 | L49: =K49-B49 -> 88 | M49: =RANK(L49,L$38:L$53,1) -> 9 | N49: =SUM(AE49:AN49) -> 0 | AE49: =IF(AE$1=$M49,SUM(AE$2:AK$2),0) -> 0 | AF49: =IF(AF$1=$M49,SUM($AE$4:$AI$4),0) -> 0 | AG49: =IF(AG$1=$M49,SUM($AE$6:$AI$6),0) -> 0 | AH49: =IF(AH$1=$M49,SUM($AE$8:$AI$8),0) -> 0 | AI49: =IF(AI$1=$M49,SUM($AE$10:$AI$10),0) -> 0 | AJ49: =IF(AJ$1=$M49,SUM($AE$12:$AI$12),0) -> 0 | AK49: =IF(AK$1=$M49,SUM($AE$14:$AI$14),0) -> 0 | AL49: =IF(AL$1=$M49,SUM($AE$16:$AI$16),0) -> 0 | AM49: =IF(AM$1=$M49,SUM($AE$18:$AI$18),0) -> 0 | AN49: =IF(AN$1=$M49,SUM($AE$20:$AI$20),0) -> 0
A50: =A26 -> Bob | B50: =ROUND(Setup!I26,0) -> 20 | C50: =SUM('Day 1 - Match 1:Day 1 - Match 2'!$N30) -> 100 | D50: =C50-$B50 -> 80 | E50: =RANK(D50,D$38:D$53,1) -> 9 | F50: =IF(E50<9,2,0) -> 0 | G50: =SUM('Day 3 - Match 10:Day 3 - Match 11'!N30) -> 110 | H50: =G50-($B50) -> 90 | I50: =RANK(H50,H$38:H$53,1) -> 15 | J50: =IF(I50<9,2,0) -> 0 | K50: ='Day 4 - Front 9'!N30+'Day 4 - Back 9'!N30 -> 90 | L50: =K50-B50 -> 70 | M50: =RANK(L50,L$38:L$53,1) -> 2 | N50: =SUM(AE50:AN50) -> 10 | AE50: =IF(AE$1=$M50,SUM(AE$2:AK$2),0) -> 0 | AF50: =IF(AF$1=$M50,SUM($AE$4:$AI$4),0) -> 10 | AG50: =IF(AG$1=$M50,SUM($AE$6:$AI$6),0) -> 0 | AH50: =IF(AH$1=$M50,SUM($AE$8:$AI$8),0) -> 0 | AI50: =IF(AI$1=$M50,SUM($AE$10:$AI$10),0) -> 0 | AJ50: =IF(AJ$1=$M50,SUM($AE$12:$AI$12),0) -> 0 | AK50: =IF(AK$1=$M50,SUM($AE$14:$AI$14),0) -> 0 | AL50: =IF(AL$1=$M50,SUM($AE$16:$AI$16),0) -> 0 | AM50: =IF(AM$1=$M50,SUM($AE$18:$AI$18),0) -> 0 | AN50: =IF(AN$1=$M50,SUM($AE$20:$AI$20),0) -> 0
A51: =A28 -> Patrick | B51: =ROUND(Setup!I28,0) -> 15 | C51: =SUM('Day 1 - Match 1:Day 1 - Match 2'!$N32) -> 107 | D51: =C51-$B51 -> 92 | E51: =RANK(D51,D$38:D$53,1) -> 16 | F51: =IF(E51<9,2,0) -> 0 | G51: =SUM('Day 3 - Match 10:Day 3 - Match 11'!N32) -> 100 | H51: =G51-($B51) -> 85 | I51: =RANK(H51,H$38:H$53,1) -> 13 | J51: =IF(I51<9,2,0) -> 0 | K51: ='Day 4 - Front 9'!N32+'Day 4 - Back 9'!N32 -> 103 | L51: =K51-B51 -> 88 | M51: =RANK(L51,L$38:L$53,1) -> 9 | N51: =SUM(AE51:AN51) -> 0 | AE51: =IF(AE$1=$M51,SUM(AE$2:AK$2),0) -> 0 | AF51: =IF(AF$1=$M51,SUM($AE$4:$AI$4),0) -> 0 | AG51: =IF(AG$1=$M51,SUM($AE$6:$AI$6),0) -> 0 | AH51: =IF(AH$1=$M51,SUM($AE$8:$AI$8),0) -> 0 | AI51: =IF(AI$1=$M51,SUM($AE$10:$AI$10),0) -> 0 | AJ51: =IF(AJ$1=$M51,SUM($AE$12:$AI$12),0) -> 0 | AK51: =IF(AK$1=$M51,SUM($AE$14:$AI$14),0) -> 0 | AL51: =IF(AL$1=$M51,SUM($AE$16:$AI$16),0) -> 0 | AM51: =IF(AM$1=$M51,SUM($AE$18:$AI$18),0) -> 0 | AN51: =IF(AN$1=$M51,SUM($AE$20:$AI$20),0) -> 0
A52: =A30 -> Brian S | B52: =ROUND(Setup!I30,0) -> 26 | C52: =SUM('Day 1 - Match 1:Day 1 - Match 2'!$N34) -> 101 | D52: =C52-$B52 -> 75 | E52: =RANK(D52,D$38:D$53,1) -> 3 | F52: =IF(E52<9,2,0) -> 2 | G52: =SUM('Day 3 - Match 10:Day 3 - Match 11'!N34) -> 107 | H52: =G52-($B52) -> 81 | I52: =RANK(H52,H$38:H$53,1) -> 11 | J52: =IF(I52<9,2,0) -> 0 | K52: ='Day 4 - Front 9'!N34+'Day 4 - Back 9'!N34 -> 114 | L52: =K52-B52 -> 88 | M52: =RANK(L52,L$38:L$53,1) -> 9 | N52: =SUM(AE52:AN52) -> 0 | AE52: =IF(AE$1=$M52,SUM(AE$2:AK$2),0) -> 0 | AF52: =IF(AF$1=$M52,SUM($AE$4:$AI$4),0) -> 0 | AG52: =IF(AG$1=$M52,SUM($AE$6:$AI$6),0) -> 0 | AH52: =IF(AH$1=$M52,SUM($AE$8:$AI$8),0) -> 0 | AI52: =IF(AI$1=$M52,SUM($AE$10:$AI$10),0) -> 0 | AJ52: =IF(AJ$1=$M52,SUM($AE$12:$AI$12),0) -> 0 | AK52: =IF(AK$1=$M52,SUM($AE$14:$AI$14),0) -> 0 | AL52: =IF(AL$1=$M52,SUM($AE$16:$AI$16),0) -> 0 | AM52: =IF(AM$1=$M52,SUM($AE$18:$AI$18),0) -> 0 | AN52: =IF(AN$1=$M52,SUM($AE$20:$AI$20),0) -> 0
A53: =A32 -> Chris | B53: =ROUND(Setup!I32,0) -> 30 | C53: =SUM('Day 1 - Match 1:Day 1 - Match 2'!$N36) -> 113 | D53: =C53-$B53 -> 83 | E53: =RANK(D53,D$38:D$53,1) -> 12 | F53: =IF(E53<9,2,0) -> 0 | G53: =SUM('Day 3 - Match 10:Day 3 - Match 11'!N36) -> 107 | H53: =G53-($B53) -> 77 | I53: =RANK(H53,H$38:H$53,1) -> 6 | J53: =IF(I53<9,2,0) -> 2 | K53: ='Day 4 - Front 9'!N36+'Day 4 - Back 9'!N36 -> 122 | L53: =K53-B53 -> 92 | M53: =RANK(L53,L$38:L$53,1) -> 14 | N53: =SUM(AE53:AN53) -> 0 | AE53: =IF(AE$1=$M53,SUM(AE$2:AK$2),0) -> 0 | AF53: =IF(AF$1=$M53,SUM($AE$4:$AI$4),0) -> 0 | AG53: =IF(AG$1=$M53,SUM($AE$6:$AI$6),0) -> 0 | AH53: =IF(AH$1=$M53,SUM($AE$8:$AI$8),0) -> 0 | AI53: =IF(AI$1=$M53,SUM($AE$10:$AI$10),0) -> 0 | AJ53: =IF(AJ$1=$M53,SUM($AE$12:$AI$12),0) -> 0 | AK53: =IF(AK$1=$M53,SUM($AE$14:$AI$14),0) -> 0 | AL53: =IF(AL$1=$M53,SUM($AE$16:$AI$16),0) -> 0 | AM53: =IF(AM$1=$M53,SUM($AE$18:$AI$18),0) -> 0 | AN53: =IF(AN$1=$M53,SUM($AE$20:$AI$20),0) -> 0
AE54: =IF(AE$1=$M54,SUM(AE$2:AK$2),0) -> 0 | AF54: =IF(AF$1=$M54,SUM($AE$4:$AI$4),0) -> 0 | AG54: =IF(AG$1=$M54,SUM($AE$6:$AI$6),0) -> 0 | AH54: =IF(AH$1=$M54,SUM($AE$8:$AI$8),0) -> 0 | AI54: =IF(AI$1=$M54,SUM($AE$10:$AI$10),0) -> 0 | AJ54: =IF(AJ$1=$M54,SUM($AE$12:$AI$12),0) -> 0 | AK54: =IF(AK$1=$M54,SUM($AE$14:$AI$14),0) -> 0 | AL54: =IF(AL$1=$M54,SUM($AE$16:$AI$16),0) -> 0 | AM54: =IF(AM$1=$M54,SUM($AE$18:$AI$18),0) -> 0 | AN54: =IF(AN$1=$M54,SUM($AE$20:$AI$20),0) -> 0
AE55: =IF(AE$1=$M55,SUM(AE$2:AK$2),0) -> 0 | AF55: =IF(AF$1=$M55,SUM($AE$4:$AI$4),0) -> 0 | AG55: =IF(AG$1=$M55,SUM($AE$6:$AI$6),0) -> 0 | AH55: =IF(AH$1=$M55,SUM($AE$8:$AI$8),0) -> 0 | AI55: =IF(AI$1=$M55,SUM($AE$10:$AI$10),0) -> 0 | AJ55: =IF(AJ$1=$M55,SUM($AE$12:$AI$12),0) -> 0 | AK55: =IF(AK$1=$M55,SUM($AE$14:$AI$14),0) -> 0 | AL55: =IF(AL$1=$M55,SUM($AE$16:$AI$16),0) -> 0 | AM55: =IF(AM$1=$M55,SUM($AE$18:$AI$18),0) -> 0 | AN55: =IF(AN$1=$M55,SUM($AE$20:$AI$20),0) -> 0

Sheet Leaderboard
A2: Leaderboard
A3: Rank | B3: Player | C3: Points | D3: Final Results | E3: Payout | G3: Rank | H3: Rank2 | I3: Player | J3: Points | K3: Points2 | N3: Final Results | O3: Payout
A4: =L4 -> 1 | B4: =OFFSET(H$3,MATCH(M4,H$4:H$19,0),1) -> John | C4: =INDEX(J$4:J$19,MATCH(LARGE(K$4:K$19,A4),K$4:K$19,0)) -> 35 | D4: =OFFSET(H$3,MATCH(M4,H$4:H$19,0),6) -> Winner | E4: =OFFSET(H$3,MATCH(M4,H$4:H$19,0),7) -> 720 | G4: =RANK(J4,J$4:J$19,0) -> 11 | H4: =RANK(K4,K$4:K$19,0) -> 11 | I4: =Results!A5 -> Mil | J4: =Results!Q5 -> 15 | K4: =Results!Q5+(Results!Y5*0.0000001) -> 15 | L4: =Results!S5 -> 1 | M4: 1 | N4: =Results!J5 | O4: =Results!K5
A5: =L5 -> 2 | B5: =OFFSET(H$3,MATCH(M5,H$4:H$19,0),1) -> Tommy | C5: =INDEX(J$4:J$19,MATCH(LARGE(K$4:K$19,A5),K$4:K$19,0)) -> 32.625 | D5: =OFFSET(H$3,MATCH(M5,H$4:H$19,0),6) -> 2nd Place | E5: =OFFSET(H$3,MATCH(M5,H$4:H$19,0),7) -> 410 | G5: =RANK(J5,J$4:J$19,0) -> 1 | H5: =RANK(K5,K$4:K$19,0) -> 1 | I5: =Results!A7 -> John | J5: =Results!Q7 -> 35 | K5: =Results!Q7+(Results!Y7*0.0000001) -> 35 | L5: =Results!S7 -> 2 | M5: 2 | N5: =Results!J7 -> Winner | O5: =Results!K7 -> 720
A6: =L6 -> 3 | B6: =OFFSET(H$3,MATCH(M6,H$4:H$19,0),1) -> Brian P | C6: =INDEX(J$4:J$19,MATCH(LARGE(K$4:K$19,A6),K$4:K$19,0)) -> 29.5 | D6: =OFFSET(H$3,MATCH(M6,H$4:H$19,0),6) -> 3rd Place | E6: =OFFSET(H$3,MATCH(M6,H$4:H$19,0),7) -> 170 | G6: =RANK(J6,J$4:J$19,0) -> 3 | H6: =RANK(K6,K$4:K$19,0) -> 3 | I6: =Results!A9 -> Brian P | J6: =Results!Q9 -> 29.5 | K6: =Results!Q9+(Results!Y9*0.0000001) -> 29.5 | L6: =Results!S9 -> 3 | M6: 3 | N6: =Results!J9 -> 3rd Place | O6: =Results!K9 -> 170
A7: =L7 -> 4 | B7: =OFFSET(H$3,MATCH(M7,H$4:H$19,0),1) -> Bob | C7: =INDEX(J$4:J$19,MATCH(LARGE(K$4:K$19,A7),K$4:K$19,0)) -> 28 | D7: =OFFSET(H$3,MATCH(M7,H$4:H$19,0),6) -> 4th Place | E7: =OFFSET(H$3,MATCH(M7,H$4:H$19,0),7) -> 60 | G7: =RANK(J7,J$4:J$19,0) -> 6 | H7: =RANK(K7,K$4:K$19,0) -> 6 | I7: =Results!A11 -> Pat | J7: =Results!Q11 -> 23.625 | K7: =Results!Q11+(Results!Y11*0.0000001) -> 23.625 | L7: =Results!S11 -> 4 | M7: 4 | N7: =Results!J11 | O7: =Results!K11 -> 40
A8: =L8 -> 5 | B8: =OFFSET(H$3,MATCH(M8,H$4:H$19,0),1) -> Rick | C8: =INDEX(J$4:J$19,MATCH(LARGE(K$4:K$19,A8),K$4:K$19,0)) -> 25 | D8: =OFFSET(H$3,MATCH(M8,H$4:H$19,0),6) | E8: =OFFSET(H$3,MATCH(M8,H$4:H$19,0),7) -> 20 | G8: =RANK(J8,J$4:J$19,0) -> 5 | H8: =RANK(K8,K$4:K$19,0) -> 5 | I8: =Results!A13 -> Rick | J8: =Results!Q13 -> 25 | K8: =Results!Q13+(Results!Y13*0.0000001) -> 25 | L8: =Results!S13 -> 5 | M8: 5 | N8: =Results!J13 | O8: =Results!K13 -> 20
A9: =L9 -> 6 | B9: =OFFSET(H$3,MATCH(M9,H$4:H$19,0),1) -> Pat | C9: =INDEX(J$4:J$19,MATCH(LARGE(K$4:K$19,A9),K$4:K$19,0)) -> 23.625 | D9: =OFFSET(H$3,MATCH(M9,H$4:H$19,0),6) | E9: =OFFSET(H$3,MATCH(M9,H$4:H$19,0),7) -> 40 | G9: =RANK(J9,J$4:J$19,0) -> 10 | H9: =RANK(K9,K$4:K$19,0) -> 10 | I9: =Results!A15 -> Keith | J9: =Results!Q15 -> 16 | K9: =Results!Q15+(Results!Y15*0.0000001) -> 16.000001 | L9: =Results!S15 -> 6 | M9: 6 | N9: =Results!J15 | O9: =Results!K15 -> 20
A10: =L10 -> 7 | B10: =OFFSET(H$3,MATCH(M10,H$4:H$19,0),1) -> Hunter | C10: =INDEX(J$4:J$19,MATCH(LARGE(K$4:K$19,A10),K$4:K$19,0)) -> 20 | D10: =OFFSET(H$3,MATCH(M10,H$4:H$19,0),6) | E10: =OFFSET(H$3,MATCH(M10,H$4:H$19,0),7) -> 20 | G10: =RANK(J10,J$4:J$19,0) -> 16 | H10: =RANK(K10,K$4:K$19,0) -> 16 | I10: =Results!A17 -> Tony W | J10: =Results!Q17 -> 3 | K10: =Results!Q17+(Results!Y17*0.0000001) -> 3.0000007 | L10: =Results!S17 -> 7 | M10: 7 | N10: =Results!J17 | O10: =Results!K17
A11: =L11 -> 8 | B11: =OFFSET(H$3,MATCH(M11,H$4:H$19,0),1) -> Dave | C11: =INDEX(J$4:J$19,MATCH(LARGE(K$4:K$19,A11),K$4:K$19,0)) -> 19 | D11: =OFFSET(H$3,MATCH(M11,H$4:H$19,0),6) | E11: =OFFSET(H$3,MATCH(M11,H$4:H$19,0),7) -> 20 | G11: =RANK(J11,J$4:J$19,0) -> 13 | H11: =RANK(K11,K$4:K$19,0) -> 13 | I11: =Results!A19 -> Manny | J11: =Results!Q19 -> 11 | K11: =Results!Q19+(Results!Y19*0.0000001) -> 11.000001 | L11: =Results!S19 -> 8 | M11: 8 | N11: =Results!J19 | O11: =Results!K19 -> 20
A12: =L12 -> 9 | B12: =OFFSET(H$3,MATCH(M12,H$4:H$19,0),1) -> Brian S | C12: =INDEX(J$4:J$19,MATCH(LARGE(K$4:K$19,A12),K$4:K$19,0)) -> 18 | D12: =OFFSET(H$3,MATCH(M12,H$4:H$19,0),6) | E12: =OFFSET(H$3,MATCH(M12,H$4:H$19,0),7) -> 20 | G12: =RANK(J12,J$4:J$19,0) -> 2 | H12: =RANK(K12,K$4:K$19,0) -> 2 | I12: =Results!A21 -> Tommy | J12: =Results!Q21 -> 32.625 | K12: =Results!Q21+(Results!Y21*0.0000001) -> 32.625001 | L12: =Results!S21 -> 9 | M12: 9 | N12: =Results!J21 -> 2nd Place | O12: =Results!K21 -> 410
A13: =L13 -> 10 | B13: =OFFSET(H$3,MATCH(M13,H$4:H$19,0),1) -> Keith | C13: =INDEX(J$4:J$19,MATCH(LARGE(K$4:K$19,A13),K$4:K$19,0)) -> 16 | D13: =OFFSET(H$3,MATCH(M13,H$4:H$19,0),6) | E13: =OFFSET(H$3,MATCH(M13,H$4:H$19,0),7) -> 20 | G13: =RANK(J13,J$4:J$19,0) -> 8 | H13: =RANK(K13,K$4:K$19,0) -> 8 | I13: =Results!A23 -> Dave | J13: =Results!Q23 -> 19 | K13: =Results!Q23+(Results!Y23*0.0000001) -> 19.000001 | L13: =Results!S23 -> 10 | M13: 10 | N13: =Results!J23 | O13: =Results!K23 -> 20
A14: =L14 -> 11 | B14: =OFFSET(H$3,MATCH(M14,H$4:H$19,0),1) -> Mil | C14: =INDEX(J$4:J$19,MATCH(LARGE(K$4:K$19,A14),K$4:K$19,0)) -> 15 | D14: =OFFSET(H$3,MATCH(M14,H$4:H$19,0),6) | E14: =OFFSET(H$3,MATCH(M14,H$4:H$19,0),7) | G14: =RANK(J14,J$4:J$19,0) -> 7 | H14: =RANK(K14,K$4:K$19,0) -> 7 | I14: =Results!A25 -> Hunter | J14: =Results!Q25 -> 20 | K14: =Results!Q25+(Results!Y25*0.0000001) -> 20.000001 | L14: =Results!S25 -> 11 | M14: 11 | N14: =Results!J25 | O14: =Results!K25 -> 20
A15: =L15 -> 12 | B15: =OFFSET(H$3,MATCH(M15,H$4:H$19,0),1) -> Chris | C15: =INDEX(J$4:J$19,MATCH(LARGE(K$4:K$19,A15),K$4:K$19,0)) -> 12 | D15: =OFFSET(H$3,MATCH(M15,H$4:H$19,0),6) | E15: =OFFSET(H$3,MATCH(M15,H$4:H$19,0),7) -> 60 | G15: =RANK(J15,J$4:J$19,0) -> 14 | H15: =RANK(K15,K$4:K$19,0) -> 14 | I15: =Results!A27 -> Gerald C | J15: =Results!Q27 -> 9 | K15: =Results!Q27+(Results!Y27*0.0000001) -> 9.0000012 | L15: =Results!S27 -> 12 | M15: 12 | N15: =Results!J27 | O15: =Results!K27 -> 20
A16: =L16 -> 13 | B16: =OFFSET(H$3,MATCH(M16,H$4:H$19,0),1) -> Manny | C16: =INDEX(J$4:J$19,MATCH(LARGE(K$4:K$19,A16),K$4:K$19,0)) -> 11 | D16: =OFFSET(H$3,MATCH(M16,H$4:H$19,0),6) | E16: =OFFSET(H$3,MATCH(M16,H$4:H$19,0),7) -> 20 | G16: =RANK(J16,J$4:J$19,0) -> 4 | H16: =RANK(K16,K$4:K$19,0) -> 4 | I16: =Results!A29 -> Bob | J16: =Results!Q29 -> 28 | K16: =Results!Q29+(Results!Y29*0.0000001) -> 28.000001 | L16: =Results!S29 -> 13 | M16: 13 | N16: =Results!J29 -> 4th Place | O16: =Results!K29 -> 60
A17: =L17 -> 14 | B17: =OFFSET(H$3,MATCH(M17,H$4:H$19,0),1) -> Gerald C | C17: =INDEX(J$4:J$19,MATCH(LARGE(K$4:K$19,A17),K$4:K$19,0)) -> 9 | D17: =OFFSET(H$3,MATCH(M17,H$4:H$19,0),6) | E17: =OFFSET(H$3,MATCH(M17,H$4:H$19,0),7) -> 20 | G17: =RANK(J17,J$4:J$19,0) -> 15 | H17: =RANK(K17,K$4:K$19,0) -> 15 | I17: =Results!A31 -> Patrick | J17: =Results!Q31 -> 7 | K17: =Results!Q31+(Results!Y31*0.0000001) -> 7.0000014 | L17: =Results!S31 -> 14 | M17: 14 | N17: =Results!J31 | O17: =Results!K31
A18: =L18 -> 15 | B18: =OFFSET(H$3,MATCH(M18,H$4:H$19,0),1) -> Patrick | C18: =INDEX(J$4:J$19,MATCH(LARGE(K$4:K$19,A18),K$4:K$19,0)) -> 7 | D18: =OFFSET(H$3,MATCH(M18,H$4:H$19,0),6) | E18: =OFFSET(H$3,MATCH(M18,H$4:H$19,0),7) | G18: =RANK(J18,J$4:J$19,0) -> 9 | H18: =RANK(K18,K$4:K$19,0) -> 9 | I18: =Results!A33 -> Brian S | J18: =Results!Q33 -> 18 | K18: =Results!Q33+(Results!Y33*0.0000001) -> 18.000001 | L18: =Results!S33 -> 15 | M18: 15 | N18: =Results!J33 | O18: =Results!K33 -> 20
A19: =L19 -> 16 | B19: =OFFSET(H$3,MATCH(M19,H$4:H$19,0),1) -> Tony W | C19: =INDEX(J$4:J$19,MATCH(LARGE(K$4:K$19,A19),K$4:K$19,0)) -> 3 | D19: =OFFSET(H$3,MATCH(M19,H$4:H$19,0),6) | E19: =OFFSET(H$3,MATCH(M19,H$4:H$19,0),7) | G19: =RANK(J19,J$4:J$19,0) -> 12 | H19: =RANK(K19,K$4:K$19,0) -> 12 | I19: =Results!A35 -> Chris | J19: =Results!Q35 -> 12 | K19: =Results!Q35+(Results!Y35*0.0000001) -> 12.000002 | L19: =Results!S35 -> 16 | M19: 16 | N19: =Results!J35 | O19: =Results!K35 -> 60

Sheet Results
D1: =TODAY() -> 44695 | F1: =TODAY() -> 44695 | H1: =TODAY() -> 44695 | AU1: 3
D2: 44693 | F2: =D2+1 -> 44694 | H2: =F2+1 -> 44695 | AU2: 2
D3: =IF(D1>=D2,1,0) -> 1 | F3: =IF(F1>=F2,1,0) -> 1 | H3: =IF(H1>=H2,1,0) -> 1 | Z3: 1 | AA3: 2 | AB3: 3 | AC3: 4 | AD3: 5 | AE3: 6 | AF3: 7 | AG3: 8 | AH3: 9 | AI3: 10 | AJ3: 11 | AK3: 12 | AL3: 13 | AM3: 14 | AN3: 15 | AO3: 16 | AP3: 17 | AQ3: 18 | AR3: 19 | AS3: 20 | AU3: 1 | BB3: 1 | BC3: 2 | BD3: 3 | BE3: 4 | BI3: 1 | BJ3: 2 | BK3: 3 | BL3: 4 | BM3: 5 | BN3: 6 | BO3: 7 | BP3: 8 | BQ3: 9 | BR3: 10 | BS3: 11 | BT3: 12
A4: Player | B4: Day 1 Total Points | C4: Rank | D4: Day 2 Total Points | E4: Rank | F4: Day 3 Total Points | G4: Rank | H4: Day 4 Points | I4: Rank | J4: Final Results | K4: Payout | M4: Day 1 | N4: Day 2 | O4: Day 3 | P4: Day 4 | Q4: Total | R4: Rank | T4: 1st Place | U4: 2nd Place | V4: 3rd Place | W4: 4th Place | Y4: 0 | Z4: =COUNTIF($R$5:$R$36,Z$3) -> 1 | AA4: =COUNTIF($R$5:$R$36,AA$3) -> 1 | AB4: =COUNTIF($R$5:$R$36,AB$3) -> 1 | AC4: =COUNTIF($R$5:$R$36,AC$3) -> 1 | AD4: =COUNTIF($R$5:$R$36,AD$3) -> 1 | AE4: =COUNTIF($R$5:$R$36,AE$3) -> 1 | AF4: =COUNTIF($R$5:$R$36,AF$3) -> 1 | AG4: =COUNTIF($R$5:$R$36,AG$3) -> 1 | ... AS4: =COUNTIF($R$5:$R$36,AS$3) -> 0 | AV4: 1st | AW4: 2nd | AX4: 3rd | AY4: 4th | BA4: 0 | BB4: =COUNTIF($R$5:$R$36,BB$3) -> 1 | BC4: =COUNTIF($R$5:$R$36,BC$3) -> 1 | BD4: =COUNTIF($R$5:$R$36,BD$3) -> 1 | BE4: =COUNTIF($R$5:$R$36,BE$3) -> 1 | BI4: =A5 -> Mil | BJ4: =A7 -> John | BK4: =A9 -> Brian P | BL4: =A11 -> Pat | BM4: =A13 -> Rick | BN4: =A15 -> Keith | BO4: =A17 -> Tony W | BP4: =A19 -> Manny | BQ4: =A21 -> Tommy | BR4: =A23 -> Dave | BS4: =A25 -> Hunter | BT4: =A27 -> Gerald C
A5: =Setup!B2 -> Mil | B5: =Points!B2 -> 4 | C5: =RANK(B5,B$5:B$36,0) -> 9 | D5: =D$3*SUM(Points!B2:C2) -> 10 | E5: =RANK(D5,D$5:D$36,0) -> 10 | F5: =F$3*SUM(Points!B2:D2) -> 15 | G5: =RANK(F5,F$5:F$36,0) -> 10 | H5: =H$3*SUM(Points!B2:E2) -> 15 | I5: =RANK(H5,H$5:H$36,0) -> 11 | J5: =IF(ISNUMBER(FIND("Winner",Points!AY2)),"Winner",IF(ISNUMBER(FIND("2nd Place",Points!AZ2)),"2nd Place",IF(ISNUMBER(FIND("3rd Place",Points!BA2)),"3rd Place",IF(ISNUMBER(FIND("4th Place",Points!BB2)),"4th Place","")))) | K5: =Results!B41 | M5: =B5 -> 4 | N5: =IF(D$37=0,M5,D5) -> 10 | O5: =IF(F$37=0,N5,F5) -> 15 | P5: =IF(H$37=0,O5,H5) -> 15 | Q5: =P5 -> 15 | R5: =RANK(Q5,Q$5:Q$36,0) -> 11 | S5: =SUM(Z5:AS5) -> 1 | T5: =IF($R5=$Y$5,1,"") | U5: =IF($R5=$Y$7,1,"") | V5: =IF($R5=$Y$9,1,"") | W5: =IF($R5=$Y$11,1,"") | Y5: 1 | Z5: =IF(Z$4>=$Y5,Z$3,"") -> 1 | AT5: =SUM(Z5:AS5) -> 1 | AU5: =A5 -> Mil | AV5: =IF(T5=1,SUM(BB$5:BB$27),"") | AW5: =IF(U5=1,SUM(BC$7:BC$27),"") | AX5: =IF(V5=1,SUM(BD$9:BD$27),"") | AY5: =IF(W5=1,SUM(BE$11:BE$27),"") | BA5: 1 | BB5: =IF(BB$4=$Y5,Setup!$C$42,"") -> 700 | BJ5: =IF(R$7=$BF5,BJ$4,"")
A7: =Setup!B4 -> John | B7: =Points!B4 -> 7 | C7: =RANK(B7,B$5:B$36,0) -> 3 | D7: =D$3*SUM(Points!B4:C4) -> 14 | E7: =RANK(D7,D$5:D$36,0) -> 2 | F7: =F$3*SUM(Points!B4:D4) -> 23 | G7: =RANK(F7,F$5:F$36,0) -> 2 | H7: =H$3*SUM(Points!B4:E4) -> 35 | I7: =RANK(H7,H$5:H$36,0) -> 1 | J7: =IF(ISNUMBER(FIND("Winner",Points!AY4)),"Winner",IF(ISNUMBER(FIND("2nd Place",Points!AZ4)),"2nd Place",IF(ISNUMBER(FIND("3rd Place",Points!BA4)),"3rd Place",IF(ISNUMBER(FIND("4th Place",Points!BB4)),"4th Place","")))) -> Winner | K7: =Results!B43 -> 720 | M7: =B7 -> 7 | N7: =IF(D$37=0,M7,D7) -> 14 | O7: =IF(F$37=0,N7,F7) -> 23 | P7: =IF(H$37=0,O7,H7) -> 35 | Q7: =P7 -> 35 | R7: =RANK(Q7,Q$5:Q$36,0) -> 1 | S7: =SUM(Z7:AS7) -> 2 | T7: =IF($R7=$Y$5,1,"") -> 1 | U7: =IF($R7=$Y$7,1,"") | V7: =IF($R7=$Y$9,1,"") | W7: =IF($R7=$Y$11,1,"") | Y7: 2 | Z7: =IF(Z$4>=$Y7,Z$3,"") | AA7: =IF(AA$4>$Y4,AA$3,"") -> 2 | AT7: =SUM(Z7:AS7) -> 2 | AU7: =A7 -> John | AV7: =IF(T7=1,SUM(BB$5:BB$27),"") -> 700 | AW7: =IF(U7=1,SUM(BC$7:BC$27),"") | AX7: =IF(V7=1,SUM(BD$9:BD$27),"") | AY7: =IF(W7=1,SUM(BE$11:BE$27),"") | BA7: 2 | BB7: =IF(BB$4=$Y7,SUM(Setup!$C$42:$C$43)/$BA7,"") | BC7: =IF(BC$4=$Y5,Setup!$C$43,"") -> 350 | BI7: =IF(AV7=AV5,"",AV$3) -> 0
A9: =Setup!B6 -> Brian P | B9: =Points!B6 -> 2 | C9: =RANK(B9,B$5:B$36,0) -> 10 | D9: =D$3*SUM(Points!B6:C6) -> 12 | E9: =RANK(D9,D$5:D$36,0) -> 5 | F9: =F$3*SUM(Points!B6:D6) -> 21 | G9: =RANK(F9,F$5:F$36,0) -> 3 | H9: =H$3*SUM(Points!B6:E6) -> 29.5 | I9: =RANK(H9,H$5:H$36,0) -> 3 | J9: =IF(ISNUMBER(FIND("Winner",Points!AY6)),"Winner",IF(ISNUMBER(FIND("2nd Place",Points!AZ6)),"2nd Place",IF(ISNUMBER(FIND("3rd Place",Points!BA6)),"3rd Place",IF(ISNUMBER(FIND("4th Place",Points!BB6)),"4th Place","")))) -> 3rd Place | K9: =Results!B45 -> 170 | M9: =B9 -> 2 | N9: =IF(D$37=0,M9,D9) -> 12 | O9: =IF(F$37=0,N9,F9) -> 21 | P9: =IF(H$37=0,O9,H9) -> 29.5 | Q9: =P9 -> 29.5 | R9: =RANK(Q9,Q$5:Q$36,0) -> 3 | S9: =SUM(Z9:AS9) -> 3 | T9: =IF($R9=$Y$5,1,"") | U9: =IF($R9=$Y$7,1,"") | V9: =IF($R9=$Y$9,1,"") -> 1 | W9: =IF($R9=$Y$11,1,"") | Y9: 3 | Z9: =IF(Z$4>=$Y9,Z$3,"") | AA9: =IF(AA$4>$Y5,AA$3,"") | AB9: =IF(AB$4>$Y4,AB$3,"") -> 3 | AT9: =SUM(Z9:AS9) -> 3 | AU9: =A9 -> Brian P | AV9: =IF(T9=1,SUM(BB$5:BB$27),"") | AW9: =IF(U9=1,SUM(BC$7:BC$27),"") | AX9: =IF(V9=1,SUM(BD$9:BD$27),"") -> 150 | AY9: =IF(W9=1,SUM(BE$11:BE$27),"") | BA9: 3 | BB9: =IF(BB$4=$Y9,SUM(Setup!$C$42:$C$44)/$BA9,"") | BC9: =IF(BC$4=$Y7,SUM(Setup!$C$43:$C$44)/$BA7,"") | BD9: =IF(BD$4=$Y5,Setup!C44,"") -> 150 | BI9: =IF(AV9=AV7,"",AV$3) -> 0
A11: =Setup!B8 -> Pat | B11: =Points!B8 -> 5 | C11: =RANK(B11,B$5:B$36,0) -> 8 | D11: =D$3*SUM(Points!B8:C8) -> 12 | E11: =RANK(D11,D$5:D$36,0) -> 5 | F11: =F$3*SUM(Points!B8:D8) -> 17 | G11: =RANK(F11,F$5:F$36,0) -> 8 | H11: =H$3*SUM(Points!B8:E8) -> 23.625 | I11: =RANK(H11,H$5:H$36,0) -> 6 | J11: =IF(ISNUMBER(FIND("Winner",Points!AY8)),"Winner",IF(ISNUMBER(FIND("2nd Place",Points!AZ8)),"2nd Place",IF(ISNUMBER(FIND("3rd Place",Points!BA8)),"3rd Place",IF(ISNUMBER(FIND("4th Place",Points!BB8)),"4th Place","")))) | K11: =Results!B47 -> 40 | M11: =B11 -> 5 | N11: =IF(D$37=0,M11,D11) -> 12 | O11: =IF(F$37=0,N11,F11) -> 17 | P11: =IF(H$37=0,O11,H11) -> 23.625 | Q11: =P11 -> 23.625 | R11: =RANK(Q11,Q$5:Q$36,0) -> 6 | S11: =SUM(Z11:AS11) -> 4 | T11: =IF($R11=$Y$5,1,"") | U11: =IF($R11=$Y$7,1,"") | V11: =IF($R11=$Y$9,1,"") | W11: =IF($R11=$Y$11,1,"") | Y11: 4 | Z11: =IF(Z$4>=$Y11,Z$3,"") | AA11: =IF(AA$4>$Y7,AA$3,"") | AB11: =IF(AB$4>$Y5,AB$3,"") | AC11: =IF(AC$4>$Y$4,AC$3,"") -> 4 | AT11: =SUM(Z11:AS11) -> 4 | AU11: =A11 -> Pat | AV11: =IF(T11=1,SUM(BB$5:BB$27),"") | AW11: =IF(U11=1,SUM(BC$7:BC$27),"") | AX11: =IF(V11=1,SUM(BD$9:BD$27),"") | AY11: =IF(W11=1,SUM(BE$11:BE$27),"") | BA11: 4 | BB11: =IF(BB$4=$Y11,SUM(Setup!$C$42:$C$45)/$BA11,"") | BC11: =IF(BC$4=$Y9,SUM(Setup!$C$43:$C$45)/$BA9,"") | BD11: =IF(BD$4=$Y7,SUM(Setup!$C$44:$C$45)/$BA7,"") | BE11: =IF(BE$4=$Y$5,Setup!C45,"") -> 0 | BI11: =IF(AV11=AV9,"",AV$3)
A13: =Setup!B10 -> Rick | B13: =Points!B10 -> 6 | C13: =RANK(B13,B$5:B$36,0) -> 4 | D13: =D$3*SUM(Points!B10:C10) -> 12 | E13: =RANK(D13,D$5:D$36,0) -> 5 | F13: =F$3*SUM(Points!B10:D10) -> 21 | G13: =RANK(F13,F$5:F$36,0) -> 3 | H13: =H$3*SUM(Points!B10:E10) -> 25 | I13: =RANK(H13,H$5:H$36,0) -> 5 | J13: =IF(ISNUMBER(FIND("Winner",Points!AY10)),"Winner",IF(ISNUMBER(FIND("2nd Place",Points!AZ10)),"2nd Place",IF(ISNUMBER(FIND("3rd Place",Points!BA10)),"3rd Place",IF(ISNUMBER(FIND("4th Place",Points!BB10)),"4th Place","")))) | K13: =Results!B49 -> 20 | M13: =B13 -> 6 | N13: =IF(D$37=0,M13,D13) -> 12 | O13: =IF(F$37=0,N13,F13) -> 21 | P13: =IF(H$37=0,O13,H13) -> 25 | Q13: =P13 -> 25 | R13: =RANK(Q13,Q$5:Q$36,0) -> 5 | S13: =SUM(Z13:AS13) -> 5 | T13: =IF($R13=$Y$5,1,"") | U13: =IF($R13=$Y$7,1,"") | V13: =IF($R13=$Y$9,1,"") | W13: =IF($R13=$Y$11,1,"") | Y13: 5 | Z13: =IF(Z$4>=$Y13,Z$3,"") | AA13: =IF(AA$4>$Y9,AA$3,"") | AB13: =IF(AB$4>$Y7,AB$3,"") | AC13: =IF(AC$4>$Y5,AC$3,"") | AD13: =IF(AD$4>$Y$4,AD$3,"") -> 5 | AT13: =SUM(Z13:AS13) -> 5 | AU13: =A13 -> Rick | AV13: =IF(T13=1,SUM(BB$5:BB$27),"") | AW13: =IF(U13=1,SUM(BC$7:BC$27),"") | AX13: =IF(V13=1,SUM(BD$9:BD$27),"") | AY13: =IF(W13=1,SUM(BE$11:BE$27),"") | BA13: 5 | BB13: =IF(BB$4=$Y13,SUM(Setup!$C$42:$C$45)/$BA13,"") | BC13: =IF(BC$4=$Y11,SUM(Setup!$C$43:$C$45)/$BA11,"") | BD13: =IF(BD$4=$Y9,SUM(Setup!$C$44:$C$45)/$BA9,"") | BE13: =IF(BE$4=$Y7,Setup!$C$45/$BA7,"") | BI13: =IF(AV13=AV11,"",AV$3)
A15: =Setup!B12 -> Keith | B15: =Points!B12 -> 8 | C15: =RANK(B15,B$5:B$36,0) -> 1 | D15: =D$3*SUM(Points!B12:C12) -> 10 | E15: =RANK(D15,D$5:D$36,0) -> 10 | F15: =F$3*SUM(Points!B12:D12) -> 16 | G15: =RANK(F15,F$5:F$36,0) -> 9 | H15: =H$3*SUM(Points!B12:E12) -> 16 | I15: =RANK(H15,H$5:H$36,0) -> 10 | J15: =IF(ISNUMBER(FIND("Winner",Points!AY12)),"Winner",IF(ISNUMBER(FIND("2nd Place",Points!AZ12)),"2nd Place",IF(ISNUMBER(FIND("3rd Place",Points!BA12)),"3rd Place",IF(ISNUMBER(FIND("4th Place",Points!BB12)),"4th Place","")))) | K15: =Results!B51 -> 20 | M15: =B15 -> 8 | N15: =IF(D$37=0,M15,D15) -> 10 | O15: =IF(F$37=0,N15,F15) -> 16 | P15: =IF(H$37=0,O15,H15) -> 16 | Q15: =P15 -> 16 | R15: =RANK(Q15,Q$5:Q$36,0) -> 10 | S15: =SUM(Z15:AS15) -> 6 | T15: =IF($R15=$Y$5,1,"") | U15: =IF($R15=$Y$7,1,"") | V15: =IF($R15=$Y$9,1,"") | W15: =IF($R15=$Y$11,1,"") | Y15: 6 | Z15: =IF(Z$4>=$Y15,Z$3,"") | AA15: =IF(AA$4>$Y11,AA$3,"") | AB15: =IF(AB$4>$Y9,AB$3,"") | AC15: =IF(AC$4>$Y7,AC$3,"") | AD15: =IF(AD$4>$Y5,AD$3,"") | AE15: =IF(AE$4>$Y$4,AE$3,"") -> 6 | AT15: =SUM(Z15:AS15) -> 6 | AU15: =A15 -> Keith | AV15: =IF(T15=1,SUM(BB$5:BB$27),"") | AW15: =IF(U15=1,SUM(BC$7:BC$27),"") | AX15: =IF(V15=1,SUM(BD$9:BD$27),"") | AY15: =IF(W15=1,SUM(BE$11:BE$27),"") | BA15: 6 | BB15: =IF(BB$4=$Y15,SUM(Setup!$C$42:$C$45)/$BA15,"") | BC15: =IF(BC$4=$Y13,SUM(Setup!$C$43:$C$45)/$BA13,"") | BD15: =IF(BD$4=$Y11,SUM(Setup!$C$44:$C$45)/$BA11,"") | BE15: =IF(BE$4=$Y9,Setup!$C$45/$BA9,"") | BI15: =IF(AV15=AV13,"",AV$3)
A17: =Setup!B14 -> Tony W | B17: =Points!B14 -> 0 | C17: =RANK(B17,B$5:B$36,0) -> 14 | D17: =D$3*SUM(Points!B14:C14) -> 3 | E17: =RANK(D17,D$5:D$36,0) -> 14 | F17: =F$3*SUM(Points!B14:D14) -> 3 | G17: =RANK(F17,F$5:F$36,0) -> 16 | H17: =H$3*SUM(Points!B14:E14) -> 3 | I17: =RANK(H17,H$5:H$36,0) -> 16 | J17: =IF(ISNUMBER(FIND("Winner",Points!AY14)),"Winner",IF(ISNUMBER(FIND("2nd Place",Points!AZ14)),"2nd Place",IF(ISNUMBER(FIND("3rd Place",Points!BA14)),"3rd Place",IF(ISNUMBER(FIND("4th Place",Points!BB14)),"4th Place","")))) | K17: =Results!B53 | M17: =B17 -> 0 | N17: =IF(D$37=0,M17,D17) -> 3 | O17: =IF(F$37=0,N17,F17) -> 3 | P17: =IF(H$37=0,O17,H17) -> 3 | Q17: =P17 -> 3 | R17: =RANK(Q17,Q$5:Q$36,0) -> 16 | S17: =SUM(Z17:AS17) -> 7 | T17: =IF($R17=$Y$5,1,"") | U17: =IF($R17=$Y$7,1,"") | V17: =IF($R17=$Y$9,1,"") | W17: =IF($R17=$Y$11,1,"") | Y17: 7 | Z17: =IF(Z$4>=$Y17,Z$3,"") | AA17: =IF(AA$4>$Y13,AA$3,"") | AB17: =IF(AB$4>$Y11,AB$3,"") | AC17: =IF(AC$4>$Y9,AC$3,"") | AD17: =IF(AD$4>$Y7,AD$3,"") | AE17: =IF(AE$4>$Y5,AE$3,"") | AF17: =IF(AF$4>$Y$4,AF$3,"") -> 7 | AT17: =SUM(Z17:AS17) -> 7 | AU17: =A17 -> Tony W | AV17: =IF(T17=1,SUM(BB$5:BB$27),"") | AW17: =IF(U17=1,SUM(BC$7:BC$27),"") | AX17: =IF(V17=1,SUM(BD$9:BD$27),"") | AY17: =IF(W17=1,SUM(BE$11:BE$27),"") | BA17: 7 | BB17: =IF(BB$4=$Y17,SUM(Setup!$C$42:$C$45)/$BA17,"") | BC17: =IF(BC$4=$Y15,SUM(Setup!$C$43:$C$45)/$BA15,"") | BD17: =IF(BD$4=$Y13,SUM(Setup!$C$44:$C$45)/$BA13,"") | BE17: =IF(BE$4=$Y11,Setup!$C$45/$BA11,"") | BI17: =IF(AV17=AV15,"",AV$3)
A19: =Setup!B16 -> Manny | B19: =Points!B16 -> 2 | C19: =RANK(B19,B$5:B$36,0) -> 10 | D19: =D$3*SUM(Points!B16:C16) -> 7 | E19: =RANK(D19,D$5:D$36,0) -> 13 | F19: =F$3*SUM(Points!B16:D16) -> 8 | G19: =RANK(F19,F$5:F$36,0) -> 14 | H19: =H$3*SUM(Points!B16:E16) -> 11 | I19: =RANK(H19,H$5:H$36,0) -> 13 | J19: =IF(ISNUMBER(FIND("Winner",Points!AY16)),"Winner",IF(ISNUMBER(FIND("2nd Place",Points!AZ16)),"2nd Place",IF(ISNUMBER(FIND("3rd Place",Points!BA16)),"3rd Place",IF(ISNUMBER(FIND("4th Place",Points!BB16)),"4th Place","")))) | K19: =Results!B55 -> 20 | M19: =B19 -> 2 | N19: =IF(D$37=0,M19,D19) -> 7 | O19: =IF(F$37=0,N19,F19) -> 8 | P19: =IF(H$37=0,O19,H19) -> 11 | Q19: =P19 -> 11 | R19: =RANK(Q19,Q$5:Q$36,0) -> 13 | S19: =SUM(Z19:AS19) -> 8 | T19: =IF($R19=$Y$5,1,"") | U19: =IF($R19=$Y$7,1,"") | V19: =IF($R19=$Y$9,1,"") | W19: =IF($R19=$Y$11,1,"") | Y19: 8 | Z19: =IF(Z$4>=$Y19,Z$3,"") | AA19: =IF(AA$4>$Y15,AA$3,"") | AB19: =IF(AB$4>$Y13,AB$3,"") | AC19: =IF(AC$4>$Y11,AC$3,"") | AD19: =IF(AD$4>$Y9,AD$3,"") | AE19: =IF(AE$4>$Y7,AE$3,"") | AF19: =IF(AF$4>$Y5,AF$3,"") | AG19: =IF(AG$4>$Y$4,AG$3,"") -> 8 | AT19: =SUM(Z19:AS19) -> 8 | AU19: =A19 -> Manny | AV19: =IF(T19=1,SUM(BB$5:BB$27),"") | AW19: =IF(U19=1,SUM(BC$7:BC$27),"") | AX19: =IF(V19=1,SUM(BD$9:BD$27),"") | AY19: =IF(W19=1,SUM(BE$11:BE$27),"") | BA19: 8 | BB19: =IF(BB$4=$Y19,SUM(Setup!$C$42:$C$45)/$BA19,"") | BC19: =IF(BC$4=$Y17,SUM(Setup!$C$43:$C$45)/$BA17,"") | BD19: =IF(BD$4=$Y15,SUM(Setup!$C$44:$C$45)/$BA15,"") | BE19: =IF(BE$4=$Y13,Setup!$C$45/$BA13,"") | BI19: =IF(AV19=AV17,"",AV$3)
A21: =Setup!B18 -> Tommy | B21: =Points!B18 -> 8 | C21: =RANK(B21,B$5:B$36,0) -> 1 | D21: =D$3*SUM(Points!B18:C18) -> 19 | E21: =RANK(D21,D$5:D$36,0) -> 1 | F21: =F$3*SUM(Points!B18:D18) -> 26 | G21: =RANK(F21,F$5:F$36,0) -> 1 | H21: =H$3*SUM(Points!B18:E18) -> 32.625 | I21: =RANK(H21,H$5:H$36,0) -> 2 | J21: =IF(ISNUMBER(FIND("Winner",Points!AY18)),"Winner",IF(ISNUMBER(FIND("2nd Place",Points!AZ18)),"2nd Place",IF(ISNUMBER(FIND("3rd Place",Points!BA18)),"3rd Place",IF(ISNUMBER(FIND("4th Place",Points!BB18)),"4th Place","")))) -> 2nd Place | K21: =Results!B57 -> 410 | M21: =B21 -> 8 | N21: =IF(D$37=0,M21,D21) -> 19 | O21: =IF(F$37=0,N21,F21) -> 26 | P21: =IF(H$37=0,O21,H21) -> 32.625 | Q21: =P21 -> 32.625 | R21: =RANK(Q21,Q$5:Q$36,0) -> 2 | S21: =SUM(Z21:AS21) -> 9 | T21: =IF($R21=$Y$5,1,"") | U21: =IF($R21=$Y$7,1,"") -> 1 | V21: =IF($R21=$Y$9,1,"") | W21: =IF($R21=$Y$11,1,"") | Y21: 9 | Z21: =IF(Z$4>=$Y21,Z$3,"") | AA21: =IF(AA$4>$Y17,AA$3,"") | AB21: =IF(AB$4>$Y15,AB$3,"") | AC21: =IF(AC$4>$Y13,AC$3,"") | AD21: =IF(AD$4>$Y11,AD$3,"") | AE21: =IF(AE$4>$Y9,AE$3,"") | AF21: =IF(AF$4>$Y7,AF$3,"") | AG21: =IF(AG$4>$Y5,AG$3,"") | AH21: =IF(AH$4>$Y$4,AH$3,"") -> 9 | AT21: =SUM(Z21:AS21) -> 9 | AU21: =A21 -> Tommy | AV21: =IF(T21=1,SUM(BB$5:BB$27),"") | AW21: =IF(U21=1,SUM(BC$7:BC$27),"") -> 350 | AX21: =IF(V21=1,SUM(BD$9:BD$27),"") | AY21: =IF(W21=1,SUM(BE$11:BE$27),"") | BA21: 9 | BB21: =IF(BB$4=$Y21,SUM(Setup!$C$42:$C$45)/$BA21,"") | BC21: =IF(BC$4=$Y19,SUM(Setup!$C$43:$C$45)/$BA19,"") | BD21: =IF(BD$4=$Y17,SUM(Setup!$C$44:$C$45)/$BA17,"") | BE21: =IF(BE$4=$Y15,Setup!$C$45/$BA15,"") | BI21: =IF(AV21=AV19,"",AV$3)
A23: =Setup!B20 -> Dave | B23: =Points!B20 -> 6 | C23: =RANK(B23,B$5:B$36,0) -> 4 | D23: =D$3*SUM(Points!B20:C20) -> 13 | E23: =RANK(D23,D$5:D$36,0) -> 4 | F23: =F$3*SUM(Points!B20:D20) -> 14 | G23: =RANK(F23,F$5:F$36,0) -> 11 | H23: =H$3*SUM(Points!B20:E20) -> 19 | I23: =RANK(H23,H$5:H$36,0) -> 8 | J23: =IF(ISNUMBER(FIND("Winner",Points!AY20)),"Winner",IF(ISNUMBER(FIND("2nd Place",Points!AZ20)),"2nd Place",IF(ISNUMBER(FIND("3rd Place",Points!BA20)),"3rd Place",IF(ISNUMBER(FIND("4th Place",Points!BB20)),"4th Place","")))) | K23: =Results!B59 -> 20 | M23: =B23 -> 6 | N23: =IF(D$37=0,M23,D23) -> 13 | O23: =IF(F$37=0,N23,F23) -> 14 | P23: =IF(H$37=0,O23,H23) -> 19 | Q23: =P23 -> 19 | R23: =RANK(Q23,Q$5:Q$36,0) -> 8 | S23: =SUM(Z23:AS23) -> 10 | T23: =IF($R23=$Y$5,1,"") | U23: =IF($R23=$Y$7,1,"") | V23: =IF($R23=$Y$9,1,"") | W23: =IF($R23=$Y$11,1,"") | Y23: 10 | Z23: =IF(Z$4>=$Y23,Z$3,"") | AA23: =IF(AA$4>$Y19,AA$3,"") | AB23: =IF(AB$4>$Y17,AB$3,"") | AC23: =IF(AC$4>$Y15,AC$3,"") | AD23: =IF(AD$4>$Y13,AD$3,"") | AE23: =IF(AE$4>$Y11,AE$3,"") | AF23: =IF(AF$4>$Y9,AF$3,"") | AG23: =IF(AG$4>$Y7,AG$3,"") | AH23: =IF(AH$4>$Y5,AH$3,"") | AI23: =IF(AI$4>$Y$4,AI$3,"") -> 10 | AT23: =SUM(Z23:AS23) -> 10 | AU23: =A23 -> Dave | AV23: =IF(T23=1,SUM(BB$5:BB$27),"") | AW23: =IF(U23=1,SUM(BC$7:BC$27),"") | AX23: =IF(V23=1,SUM(BD$9:BD$27),"") | AY23: =IF(W23=1,SUM(BE$11:BE$27),"") | BA23: 10 | BB23: =IF(BB$4=$Y23,SUM(Setup!$C$42:$C$45)/$BA23,"") | BC23: =IF(BC$4=$Y21,SUM(Setup!$C$43:$C$45)/$BA21,"") | BD23: =IF(BD$4=$Y19,SUM(Setup!$C$44:$C$45)/$BA19,"") | BE23: =IF(BE$4=$Y17,Setup!$C$45/$BA17,"") | BI23: =IF(AV23=AV21,"",AV$3)
A25: =Setup!B22 -> Hunter | B25: =Points!B22 -> 2 | C25: =RANK(B25,B$5:B$36,0) -> 10 | D25: =D$3*SUM(Points!B22:C22) -> 11 | E25: =RANK(D25,D$5:D$36,0) -> 8 | F25: =F$3*SUM(Points!B22:D22) -> 20 | G25: =RANK(F25,F$5:F$36,0) -> 5 | H25: =H$3*SUM(Points!B22:E22) -> 20 | I25: =RANK(H25,H$5:H$36,0) -> 7 | J25: =IF(ISNUMBER(FIND("Winner",Points!AY22)),"Winner",IF(ISNUMBER(FIND("2nd Place",Points!AZ22)),"2nd Place",IF(ISNUMBER(FIND("3rd Place",Points!BA22)),"3rd Place",IF(ISNUMBER(FIND("4th Place",Points!BB22)),"4th Place","")))) | K25: =Results!B61 -> 20 | M25: =B25 -> 2 | N25: =IF(D$37=0,M25,D25) -> 11 | O25: =IF(F$37=0,N25,F25) -> 20 | P25: =IF(H$37=0,O25,H25) -> 20 | Q25: =P25 -> 20 | R25: =RANK(Q25,Q$5:Q$36,0) -> 7 | S25: =SUM(Z25:AS25) -> 11 | T25: =IF($R25=$Y$5,1,"") | U25: =IF($R25=$Y$7,1,"") | V25: =IF($R25=$Y$9,1,"") | W25: =IF($R25=$Y$11,1,"") | Y25: 11 | Z25: =IF(Z$4>=$Y25,Z$3,"") | AA25: =IF(AA$4>$Y21,AA$3,"") | AB25: =IF(AB$4>$Y19,AB$3,"") | AC25: =IF(AC$4>$Y17,AC$3,"") | AD25: =IF(AD$4>$Y15,AD$3,"") | AE25: =IF(AE$4>$Y13,AE$3,"") | AF25: =IF(AF$4>$Y11,AF$3,"") | AG25: =IF(AG$4>$Y9,AG$3,"") | AH25: =IF(AH$4>$Y7,AH$3,"") | AI25: =IF(AI$4>$Y5,AI$3,"") | AJ25: =IF(AJ$4>$Y$4,AJ$3,"") -> 11 | AT25: =SUM(Z25:AS25) -> 11 | AU25: =A25 -> Hunter | AV25: =IF(T25=1,SUM(BB$5:BB$27),"") | AW25: =IF(U25=1,SUM(BC$7:BC$27),"") | AX25: =IF(V25=1,SUM(BD$9:BD$27),"") | AY25: =IF(W25=1,SUM(BE$11:BE$27),"") | BA25: 11 | BB25: =IF(BB$4=$Y25,SUM(Setup!$C$42:$C$45)/$BA25,"") | BC25: =IF(BC$4=$Y23,SUM(Setup!$C$43:$C$45)/$BA23,"") | BD25: =IF(BD$4=$Y21,SUM(Setup!$C$44:$C$45)/$BA21,"") | BE25: =IF(BE$4=$Y19,Setup!$C$45/$BA19,"") | BI25: =IF(AV25=AV23,"",AV$3)
A27: =Setup!B24 -> Gerald C | B27: =Points!B24 -> 0 | C27: =RANK(B27,B$5:B$36,0) -> 14 | D27: =D$3*SUM(Points!B24:C24) -> 2 | E27: =RANK(D27,D$5:D$36,0) -> 15 | F27: =F$3*SUM(Points!B24:D24) -> 9 | G27: =RANK(F27,F$5:F$36,0) -> 13 | H27: =H$3*SUM(Points!B24:E24) -> 9 | I27: =RANK(H27,H$5:H$36,0) -> 14 | J27: =IF(ISNUMBER(FIND("Winner",Points!AY24)),"Winner",IF(ISNUMBER(FIND("2nd Place",Points!AZ24)),"2nd Place",IF(ISNUMBER(FIND("3rd Place",Points!BA24)),"3rd Place",IF(ISNUMBER(FIND("4th Place",Points!BB24)),"4th Place","")))) | K27: =Results!B63 -> 20 | M27: =B27 -> 0 | N27: =IF(D$37=0,M27,D27) -> 2 | O27: =IF(F$37=0,N27,F27) -> 9 | P27: =IF(H$37=0,O27,H27) -> 9 | Q27: =P27 -> 9 | R27: =RANK(Q27,Q$5:Q$36,0) -> 14 | S27: =SUM(Z27:AS27) -> 12 | T27: =IF($R27=$Y$5,1,"") | U27: =IF($R27=$Y$7,1,"") | V27: =IF($R27=$Y$9,1,"") | W27: =IF($R27=$Y$11,1,"") | Y27: 12 | Z27: =IF(Z$4>=$Y27,Z$3,"") | AA27: =IF(AA$4>$Y23,AA$3,"") | AB27: =IF(AB$4>$Y21,AB$3,"") | AC27: =IF(AC$4>$Y19,AC$3,"") | AD27: =IF(AD$4>$Y17,AD$3,"") | AE27: =IF(AE$4>$Y15,AE$3,"") | AF27: =IF(AF$4>$Y13,AF$3,"") | AG27: =IF(AG$4>$Y11,AG$3,"") | AH27: =IF(AH$4>$Y9,AH$3,"") | AI27: =IF(AI$4>$Y7,AI$3,"") | AJ27: =IF(AJ$4>$Y5,AJ$3,"") | AK27: =IF(AK$4>$Y4,AK$3,"") -> 12 | AT27: =SUM(Z27:AS27) -> 12 | AU27: =A27 -> Gerald C | AV27: =IF(T27=1,SUM(BB$5:BB$27),"") | AW27: =IF(U27=1,SUM(BC$7:BC$27),"") | AX27: =IF(V27=1,SUM(BD$9:BD$27),"") | AY27: =IF(W27=1,SUM(BE$11:BE$27),"") | BA27: 12 | BB27: =IF(BB$4=$Y27,SUM(Setup!$C$42:$C$45)/$BA27,"") | BC27: =IF(BC$4=$Y25,SUM(Setup!$C$43:$C$45)/$BA25,"") | BD27: =IF(BD$4=$Y23,SUM(Setup!$C$44:$C$45)/$BA23,"") | BE27: =IF(BE$4=$Y21,Setup!$C$45/$BA21,"") | BI27: =IF(AV27=AV25,"",AV$3)
A29: =Setup!B26 -> Bob | B29: =Points!B26 -> 6 | C29: =RANK(B29,B$5:B$36,0) -> 4 | D29: =D$3*SUM(Points!B26:C26) -> 14 | E29: =RANK(D29,D$5:D$36,0) -> 2 | F29: =F$3*SUM(Points!B26:D26) -> 18 | G29: =RANK(F29,F$5:F$36,0) -> 6 | H29: =H$3*SUM(Points!B26:E26) -> 28 | I29: =RANK(H29,H$5:H$36,0) -> 4 | J29: =IF(ISNUMBER(FIND("Winner",Points!AY26)),"Winner",IF(ISNUMBER(FIND("2nd Place",Points!AZ26)),"2nd Place",IF(ISNUMBER(FIND("3rd Place",Points!BA26)),"3rd Place",IF(ISNUMBER(FIND("4th Place",Points!BB26)),"4th Place","")))) -> 4th Place | K29: =Results!B65 -> 60 | M29: =B29 -> 6 | N29: =IF(D$37=0,M29,D29) -> 14 | O29: =IF(F$37=0,N29,F29) -> 18 | P29: =IF(H$37=0,O29,H29) -> 28 | Q29: =P29 -> 28 | R29: =RANK(Q29,Q$5:Q$36,0) -> 4 | S29: =SUM(Z29:AS29) -> 13 | T29: =IF($R29=$Y$5,1,"") | U29: =IF($R29=$Y$7,1,"") | V29: =IF($R29=$Y$9,1,"") | W29: =IF($R29=$Y$11,1,"") -> 1 | Y29: 13 | Z29: =IF(Z$4>=$Y29,Z$3,"") | AA29: =IF(AA$4>$Y25,AA$3,"") | AB29: =IF(AB$4>$Y23,AB$3,"") | AC29: =IF(AC$4>$Y21,AC$3,"") | AD29: =IF(AD$4>$Y19,AD$3,"") | AE29: =IF(AE$4>$Y17,AE$3,"") | AF29: =IF(AF$4>$Y15,AF$3,"") | AG29: =IF(AG$4>$Y13,AG$3,"") | AH29: =IF(AH$4>$Y11,AH$3,"") | AI29: =IF(AI$4>$Y9,AI$3,"") | AJ29: =IF(AJ$4>$Y7,AJ$3,"") | AK29: =IF(AK$4>$Y5,AK$3,"") | AL29: =IF(AL$4>$Y$4,AL$3,"") -> 13 | AT29: =SUM(Z29:AS29) -> 13 | AU29: =A29 -> Bob | AV29: =IF(T29=1,SUM(BB$5:BB$27),"") | AW29: =IF(U29=1,SUM(BC$7:BC$27),"") | AX29: =IF(V29=1,SUM(BD$9:BD$27),"") | AY29: =IF(W29=1,SUM(BE$11:BE$27),"") -> 0 | BI29: =IF(AV29=AV27,"",AV$3)
A31: =Setup!B28 -> Patrick | B31: =Points!B28 -> 0 | C31: =RANK(B31,B$5:B$36,0) -> 14 | D31: =D$3*SUM(Points!B28:C28) -> 2 | E31: =RANK(D31,D$5:D$36,0) -> 15 | F31: =F$3*SUM(Points!B28:D28) -> 7 | G31: =RANK(F31,F$5:F$36,0) -> 15 | H31: =H$3*SUM(Points!B28:E28) -> 7 | I31: =RANK(H31,H$5:H$36,0) -> 15 | J31: =IF(ISNUMBER(FIND("Winner",Points!AY28)),"Winner",IF(ISNUMBER(FIND("2nd Place",Points!AZ28)),"2nd Place",IF(ISNUMBER(FIND("3rd Place",Points!BA28)),"3rd Place",IF(ISNUMBER(FIND("4th Place",Points!BB28)),"4th Place","")))) | K31: =Results!B67 | M31: =B31 -> 0 | N31: =IF(D$37=0,M31,D31) -> 2 | O31: =IF(F$37=0,N31,F31) -> 7 | P31: =IF(H$37=0,O31,H31) -> 7 | Q31: =P31 -> 7 | R31: =RANK(Q31,Q$5:Q$36,0) -> 15 | S31: =SUM(Z31:AS31) -> 14 | T31: =IF($R31=$Y$5,1,"") | U31: =IF($R31=$Y$7,1,"") | V31: =IF($R31=$Y$9,1,"") | W31: =IF($R31=$Y$11,1,"") | Y31: 14 | Z31: =IF(Z$4>=$Y31,Z$3,"") | AA31: =IF(AA$4>$Y27,AA$3,"") | AB31: =IF(AB$4>$Y25,AB$3,"") | AC31: =IF(AC$4>$Y23,AC$3,"") | AD31: =IF(AD$4>$Y21,AD$3,"") | AE31: =IF(AE$4>$Y19,AE$3,"") | AF31: =IF(AF$4>$Y17,AF$3,"") | AG31: =IF(AG$4>$Y15,AG$3,"") | AH31: =IF(AH$4>$Y13,AH$3,"") | AI31: =IF(AI$4>$Y11,AI$3,"") | AJ31: =IF(AJ$4>$Y9,AJ$3,"") | AK31: =IF(AK$4>$Y7,AK$3,"") | AL31: =IF(AL$4>$Y5,AL$3,"") | AM31: =IF(AM$4>$Y$4,AM$3,"") -> 14 | AT31: =SUM(Z31:AS31) -> 14 | AU31: =A31 -> Patrick | AV31: =IF(T31=1,SUM(BB$5:BB$27),"") | AW31: =IF(U31=1,SUM(BC$7:BC$27),"") | AX31: =IF(V31=1,SUM(BD$9:BD$27),"") | AY31: =IF(W31=1,SUM(BE$11:BE$27),"") | BI31: =IF(AV31=AV29,"",AV$3)
A33: =Setup!B30 -> Brian S | B33: =Points!B30 -> 6 | C33: =RANK(B33,B$5:B$36,0) -> 4 | D33: =D$3*SUM(Points!B30:C30) -> 11 | E33: =RANK(D33,D$5:D$36,0) -> 8 | F33: =F$3*SUM(Points!B30:D30) -> 18 | G33: =RANK(F33,F$5:F$36,0) -> 6 | H33: =H$3*SUM(Points!B30:E30) -> 18 | I33: =RANK(H33,H$5:H$36,0) -> 9 | J33: =IF(ISNUMBER(FIND("Winner",Points!AY30)),"Winner",IF(ISNUMBER(FIND("2nd Place",Points!AZ30)),"2nd Place",IF(ISNUMBER(FIND("3rd Place",Points!BA30)),"3rd Place",IF(ISNUMBER(FIND("4th Place",Points!BB30)),"4th Place","")))) | K33: =Results!B69 -> 20 | M33: =B33 -> 6 | N33: =IF(D$37=0,M33,D33) -> 11 | O33: =IF(F$37=0,N33,F33) -> 18 | P33: =IF(H$37=0,O33,H33) -> 18 | Q33: =P33 -> 18 | R33: =RANK(Q33,Q$5:Q$36,0) -> 9 | S33: =SUM(Z33:AS33) -> 15 | T33: =IF($R33=$Y$5,1,"") | U33: =IF($R33=$Y$7,1,"") | V33: =IF($R33=$Y$9,1,"") | W33: =IF($R33=$Y$11,1,"") | Y33: 15 | Z33: =IF(Z$4>=$Y33,Z$3,"") | AA33: =IF(AA$4>$Y29,AA$3,"") | AB33: =IF(AB$4>$Y27,AB$3,"") | AC33: =IF(AC$4>$Y25,AC$3,"") | AD33: =IF(AD$4>$Y23,AD$3,"") | AE33: =IF(AE$4>$Y21,AE$3,"") | AF33: =IF(AF$4>$Y19,AF$3,"") | AG33: =IF(AG$4>$Y17,AG$3,"") | AH33: =IF(AH$4>$Y15,AH$3,"") | AI33: =IF(AI$4>$Y13,AI$3,"") | AJ33: =IF(AJ$4>$Y11,AJ$3,"") | AK33: =IF(AK$4>$Y9,AK$3,"") | AL33: =IF(AL$4>$Y7,AL$3,"") | AM33: =IF(AM$4>$Y5,AM$3,"") | AN33: =IF(AN$4>$Y$4,AN$3,"") -> 15 | AT33: =SUM(Z33:AS33) -> 15 | AU33: =A33 -> Brian S | AV33: =IF(T33=1,SUM(BB$5:BB$27),"") | AW33: =IF(U33=1,SUM(BC$7:BC$27),"") | AX33: =IF(V33=1,SUM(BD$9:BD$27),"") | AY33: =IF(W33=1,SUM(BE$11:BE$27),"")
A35: =Setup!B32 -> Chris | B35: =Points!B32 -> 2 | C35: =RANK(B35,B$5:B$36,0) -> 10 | D35: =D$3*SUM(Points!B32:C32) -> 8 | E35: =RANK(D35,D$5:D$36,0) -> 12 | F35: =F$3*SUM(Points!B32:D32) -> 12 | G35: =RANK(F35,F$5:F$36,0) -> 12 | H35: =H$3*SUM(Points!B32:E32) -> 12 | I35: =RANK(H35,H$5:H$36,0) -> 12 | J35: =IF(ISNUMBER(FIND("Winner",Points!AY32)),"Winner",IF(ISNUMBER(FIND("2nd Place",Points!AZ32)),"2nd Place",IF(ISNUMBER(FIND("3rd Place",Points!BA32)),"3rd Place",IF(ISNUMBER(FIND("4th Place",Points!BB32)),"4th Place","")))) | K35: =Results!B71 -> 60 | M35: =B35 -> 2 | N35: =IF(D$37=0,M35,D35) -> 8 | O35: =IF(F$37=0,N35,F35) -> 12 | P35: =IF(H$37=0,O35,H35) -> 12 | Q35: =P35 -> 12 | R35: =RANK(Q35,Q$5:Q$36,0) -> 12 | S35: =SUM(Z35:AS35) -> 16 | T35: =IF($R35=$Y$5,1,"") | U35: =IF($R35=$Y$7,1,"") | V35: =IF($R35=$Y$9,1,"") | W35: =IF($R35=$Y$11,1,"") | Y35: 16 | Z35: =IF(Z$4>=$Y35,Z$3,"") | AA35: =IF(AA$4>$Y31,AA$3,"") | AB35: =IF(AB$4>$Y29,AB$3,"") | AC35: =IF(AC$4>$Y27,AC$3,"") | AD35: =IF(AD$4>$Y25,AD$3,"") | AE35: =IF(AE$4>$Y23,AE$3,"") | AF35: =IF(AF$4>$Y21,AF$3,"") | AG35: =IF(AG$4>$Y19,AG$3,"") | AH35: =IF(AH$4>$Y17,AH$3,"") | AI35: =IF(AI$4>$Y15,AI$3,"") | AJ35: =IF(AJ$4>$Y13,AJ$3,"") | AK35: =IF(AK$4>$Y11,AK$3,"") | AL35: =IF(AL$4>$Y9,AL$3,"") | AM35: =IF(AM$4>$Y7,AM$3,"") | AN35: =IF(AN$4>$Y5,AN$3,"") | AO35: =IF(AO$4>$Y$4,AO$3,"") -> 16 | AT35: =SUM(Z35:AS35) -> 16 | AU35: =A35 -> Chris | AV35: =IF(T35=1,SUM(BB$5:BB$27),"") | AW35: =IF(U35=1,SUM(BC$7:BC$27),"") | AX35: =IF(V35=1,SUM(BD$9:BD$27),"") | AY35: =IF(W35=1,SUM(BE$11:BE$27),"")
A37: Totals | B37: =SUM(B5:B36) -> 64 | D37: =SUM(D5:D36) -> 160 | F37: =SUM(F5:F36) -> 248 | H37: =SUM(H5:H36) -> 303.75 | K37: =SUM(K5:K36) -> 1600
A40: Payouts | B40: TC | C40: =Setup!E41 -> Long Drive | D40: =Setup!E42 -> Closest to Pin | E40: =Setup!E43 -> Long Putt | F40: =Setup!E44 -> Secret Snowman | G40: =Setup!E45 -> Closest to Pin | H40: Winnings
A41: =Points!A2 -> Mil | B41: =IF(SUM(C41:H41)>0,SUM(C41:H41),"") | C41: =SUM('Day 1 - Match 1:Day 4 - Back 9'!P6)*Setup!F$41 -> 0 | D41: =SUM('Day 1 - Match 1:Day 4 - Back 9'!Q6)*Setup!F$42 -> 0 | E41: =SUM('Day 1 - Match 1:Day 4 - Back 9'!R6)*Setup!F$43 -> 0 | F41: =SUM('Day 1 - Match 1:Day 4 - Back 9'!AA6) -> 0 | G41: =SUM('Day 1 - Match 1:Day 4 - Back 9'!T6)*Setup!F$45 -> 0 | H41: =SUM(Points!AU2:AX2) -> 0
A42: =Points!A3 -> 0 | B42: =IF(SUM(C42:H42)>0,SUM(C42:H42),"") | C42: =SUM('Day 1 - Match 1:Day 4 - Back 9'!P7)*Setup!F$41 -> 0 | D42: =SUM('Day 1 - Match 1:Day 4 - Back 9'!Q7)*Setup!F$42 -> 0 | E42: =SUM('Day 1 - Match 1:Day 4 - Back 9'!R7)*Setup!F$43 -> 0 | F42: =SUM('Day 1 - Match 1:Day 4 - Back 9'!AA7) -> 0 | G42: =SUM('Day 1 - Match 1:Day 4 - Back 9'!T7)*Setup!F$45 -> 0
A43: =Points!A4 -> John | B43: =IF(SUM(C43:H43)>0,SUM(C43:H43),"") -> 720 | C43: =SUM('Day 1 - Match 1:Day 4 - Back 9'!P8)*Setup!F$41 -> 0 | D43: =SUM('Day 1 - Match 1:Day 4 - Back 9'!Q8)*Setup!F$42 -> 20 | E43: =SUM('Day 1 - Match 1:Day 4 - Back 9'!R8)*Setup!F$43 -> 0 | F43: =SUM('Day 1 - Match 1:Day 4 - Back 9'!AA8) -> 0 | G43: =SUM('Day 1 - Match 1:Day 4 - Back 9'!T8)*Setup!F$45 -> 0 | H43: =SUM(Points!AU4:AX4) -> 700
A44: =Points!A5 -> 0 | B44: =IF(SUM(C44:H44)>0,SUM(C44:H44),"") | C44: =SUM('Day 1 - Match 1:Day 4 - Back 9'!P9)*Setup!F$41 -> 0 | D44: =SUM('Day 1 - Match 1:Day 4 - Back 9'!Q9)*Setup!F$42 -> 0 | E44: =SUM('Day 1 - Match 1:Day 4 - Back 9'!R9)*Setup!F$43 -> 0 | F44: =SUM('Day 1 - Match 1:Day 4 - Back 9'!AA9) -> 0 | G44: =SUM('Day 1 - Match 1:Day 4 - Back 9'!T9)*Setup!F$45 -> 0
A45: =Points!A6 -> Brian P | B45: =IF(SUM(C45:H45)>0,SUM(C45:H45),"") -> 170 | C45: =SUM('Day 1 - Match 1:Day 4 - Back 9'!P10)*Setup!F$41 -> 0 | D45: =SUM('Day 1 - Match 1:Day 4 - Back 9'!Q10)*Setup!F$42 -> 0 | E45: =SUM('Day 1 - Match 1:Day 4 - Back 9'!R10)*Setup!F$43 -> 0 | F45: =SUM('Day 1 - Match 1:Day 4 - Back 9'!AA10) -> 20 | G45: =SUM('Day 1 - Match 1:Day 4 - Back 9'!T10)*Setup!F$45 -> 0 | H45: =SUM(Points!AU6:AX6) -> 150
A46: =Points!A7 -> 0 | B46: =IF(SUM(C46:H46)>0,SUM(C46:H46),"") | C46: =SUM('Day 1 - Match 1:Day 4 - Back 9'!P11)*Setup!F$41 -> 0 | D46: =SUM('Day 1 - Match 1:Day 4 - Back 9'!Q11)*Setup!F$42 -> 0 | E46: =SUM('Day 1 - Match 1:Day 4 - Back 9'!R11)*Setup!F$43 -> 0 | F46: =SUM('Day 1 - Match 1:Day 4 - Back 9'!AA11) -> 0 | G46: =SUM('Day 1 - Match 1:Day 4 - Back 9'!T11)*Setup!F$45 -> 0
A47: =Points!A8 -> Pat | B47: =IF(SUM(C47:H47)>0,SUM(C47:H47),"") -> 40 | C47: =SUM('Day 1 - Match 1:Day 4 - Back 9'!P12)*Setup!F$41 -> 40 | D47: =SUM('Day 1 - Match 1:Day 4 - Back 9'!Q12)*Setup!F$42 -> 0 | E47: =SUM('Day 1 - Match 1:Day 4 - Back 9'!R12)*Setup!F$43 -> 0 | F47: =SUM('Day 1 - Match 1:Day 4 - Back 9'!AA12) -> 0 | G47: =SUM('Day 1 - Match 1:Day 4 - Back 9'!T12)*Setup!F$45 -> 0 | H47: =SUM(Points!AU8:AX8) -> 0
A48: =Points!A9 -> 0 | B48: =IF(SUM(C48:H48)>0,SUM(C48:H48),"") | C48: =SUM('Day 1 - Match 1:Day 4 - Back 9'!P13)*Setup!F$41 -> 0 | D48: =SUM('Day 1 - Match 1:Day 4 - Back 9'!Q13)*Setup!F$42 -> 0 | E48: =SUM('Day 1 - Match 1:Day 4 - Back 9'!R13)*Setup!F$43 -> 0 | F48: =SUM('Day 1 - Match 1:Day 4 - Back 9'!AA13) -> 0 | G48: =SUM('Day 1 - Match 1:Day 4 - Back 9'!T13)*Setup!F$45 -> 0
A49: =Points!A10 -> Rick | B49: =IF(SUM(C49:H49)>0,SUM(C49:H49),"") -> 20 | C49: =SUM('Day 1 - Match 1:Day 4 - Back 9'!P14)*Setup!F$41 -> 0 | D49: =SUM('Day 1 - Match 1:Day 4 - Back 9'!Q14)*Setup!F$42 -> 0 | E49: =SUM('Day 1 - Match 1:Day 4 - Back 9'!R14)*Setup!F$43 -> 20 | F49: =SUM('Day 1 - Match 1:Day 4 - Back 9'!AA14) -> 0 | G49: =SUM('Day 1 - Match 1:Day 4 - Back 9'!T14)*Setup!F$45 -> 0 | H49: =SUM(Points!AU10:AX10) -> 0
A50: =Points!A11 -> 0 | B50: =IF(SUM(C50:H50)>0,SUM(C50:H50),"") | C50: =SUM('Day 1 - Match 1:Day 4 - Back 9'!P15)*Setup!F$41 -> 0 | D50: =SUM('Day 1 - Match 1:Day 4 - Back 9'!Q15)*Setup!F$42 -> 0 | E50: =SUM('Day 1 - Match 1:Day 4 - Back 9'!R15)*Setup!F$43 -> 0 | F50: =SUM('Day 1 - Match 1:Day 4 - Back 9'!AA15) -> 0 | G50: =SUM('Day 1 - Match 1:Day 4 - Back 9'!T15)*Setup!F$45 -> 0
A51: =Points!A12 -> Keith | B51: =IF(SUM(C51:H51)>0,SUM(C51:H51),"") -> 20 | C51: =SUM('Day 1 - Match 1:Day 4 - Back 9'!P16)*Setup!F$41 -> 20 | D51: =SUM('Day 1 - Match 1:Day 4 - Back 9'!Q16)*Setup!F$42 -> 0 | E51: =SUM('Day 1 - Match 1:Day 4 - Back 9'!R16)*Setup!F$43 -> 0 | F51: =SUM('Day 1 - Match 1:Day 4 - Back 9'!AA16) -> 0 | G51: =SUM('Day 1 - Match 1:Day 4 - Back 9'!T16)*Setup!F$45 -> 0 | H51: =SUM(Points!AU12:AX12) -> 0
A52: =Points!A13 -> 0 | B52: =IF(SUM(C52:H52)>0,SUM(C52:H52),"") | C52: =SUM('Day 1 - Match 1:Day 4 - Back 9'!P17)*Setup!F$41 -> 0 | D52: =SUM('Day 1 - Match 1:Day 4 - Back 9'!Q17)*Setup!F$42 -> 0 | E52: =SUM('Day 1 - Match 1:Day 4 - Back 9'!R17)*Setup!F$43 -> 0 | F52: =SUM('Day 1 - Match 1:Day 4 - Back 9'!AA17) -> 0 | G52: =SUM('Day 1 - Match 1:Day 4 - Back 9'!T17)*Setup!F$45 -> 0
A53: =Points!A14 -> Tony W | B53: =IF(SUM(C53:H53)>0,SUM(C53:H53),"") | C53: =SUM('Day 1 - Match 1:Day 4 - Back 9'!P18)*Setup!F$41 -> 0 | D53: =SUM('Day 1 - Match 1:Day 4 - Back 9'!Q18)*Setup!F$42 -> 0 | E53: =SUM('Day 1 - Match 1:Day 4 - Back 9'!R18)*Setup!F$43 -> 0 | F53: =SUM('Day 1 - Match 1:Day 4 - Back 9'!AA18) -> 0 | G53: =SUM('Day 1 - Match 1:Day 4 - Back 9'!T18)*Setup!F$45 -> 0 | H53: =SUM(Points!AU14:AX14) -> 0
A54: =Points!A15 -> 0 | B54: =IF(SUM(C54:H54)>0,SUM(C54:H54),"") | C54: =SUM('Day 1 - Match 1:Day 4 - Back 9'!P19)*Setup!F$41 -> 0 | D54: =SUM('Day 1 - Match 1:Day 4 - Back 9'!Q19)*Setup!F$42 -> 0 | E54: =SUM('Day 1 - Match 1:Day 4 - Back 9'!R19)*Setup!F$43 -> 0 | F54: =SUM('Day 1 - Match 1:Day 4 - Back 9'!AA19) -> 0 | G54: =SUM('Day 1 - Match 1:Day 4 - Back 9'!T19)*Setup!F$45 -> 0
A55: =Points!A16 -> Manny | B55: =IF(SUM(C55:H55)>0,SUM(C55:H55),"") -> 20 | C55: =SUM('Day 1 - Match 1:Day 4 - Back 9'!P20)*Setup!F$41 -> 0 | D55: =SUM('Day 1 - Match 1:Day 4 - Back 9'!Q20)*Setup!F$42 -> 0 | E55: =SUM('Day 1 - Match 1:Day 4 - Back 9'!R20)*Setup!F$43 -> 0 | F55: =SUM('Day 1 - Match 1:Day 4 - Back 9'!AA20) -> 20 | G55: =SUM('Day 1 - Match 1:Day 4 - Back 9'!T20)*Setup!F$45 -> 0 | H55: =SUM(Points!AU16:AX16) -> 0
A56: =Points!A17 -> 0 | B56: =IF(SUM(C56:H56)>0,SUM(C56:H56),"") | C56: =SUM('Day 1 - Match 1:Day 4 - Back 9'!P21)*Setup!F$41 -> 0 | D56: =SUM('Day 1 - Match 1:Day 4 - Back 9'!Q21)*Setup!F$42 -> 0 | E56: =SUM('Day 1 - Match 1:Day 4 - Back 9'!R21)*Setup!F$43 -> 0 | F56: =SUM('Day 1 - Match 1:Day 4 - Back 9'!AA21) -> 0 | G56: =SUM('Day 1 - Match 1:Day 4 - Back 9'!T21)*Setup!F$45 -> 0
A57: =Points!A18 -> Tommy | B57: =IF(SUM(C57:H57)>0,SUM(C57:H57),"") -> 410 | C57: =SUM('Day 1 - Match 1:Day 4 - Back 9'!P22)*Setup!F$41 -> 40 | D57: =SUM('Day 1 - Match 1:Day 4 - Back 9'!Q22)*Setup!F$42 -> 20 | E57: =SUM('Day 1 - Match 1:Day 4 - Back 9'!R22)*Setup!F$43 -> 0 | F57: =SUM('Day 1 - Match 1:Day 4 - Back 9'!AA22) -> 0 | G57: =SUM('Day 1 - Match 1:Day 4 - Back 9'!T22)*Setup!F$45 -> 0 | H57: =SUM(Points!AU18:AX18) -> 350
A58: =Points!A19 -> 0 | B58: =IF(SUM(C58:H58)>0,SUM(C58:H58),"") | C58: =SUM('Day 1 - Match 1:Day 4 - Back 9'!P23)*Setup!F$41 -> 0 | D58: =SUM('Day 1 - Match 1:Day 4 - Back 9'!Q23)*Setup!F$42 -> 0 | E58: =SUM('Day 1 - Match 1:Day 4 - Back 9'!R23)*Setup!F$43 -> 0 | F58: =SUM('Day 1 - Match 1:Day 4 - Back 9'!AA23) -> 0 | G58: =SUM('Day 1 - Match 1:Day 4 - Back 9'!T23)*Setup!F$45 -> 0
A59: =Points!A20 -> Dave | B59: =IF(SUM(C59:H59)>0,SUM(C59:H59),"") -> 20 | C59: =SUM('Day 1 - Match 1:Day 4 - Back 9'!P24)*Setup!F$41 -> 0 | D59: =SUM('Day 1 - Match 1:Day 4 - Back 9'!Q24)*Setup!F$42 -> 0 | E59: =SUM('Day 1 - Match 1:Day 4 - Back 9'!R24)*Setup!F$43 -> 20 | F59: =SUM('Day 1 - Match 1:Day 4 - Back 9'!AA24) -> 0 | G59: =SUM('Day 1 - Match 1:Day 4 - Back 9'!T24)*Setup!F$45 -> 0 | H59: =SUM(Points!AU20:AX20) -> 0
A60: =Points!A21 -> 0 | B60: =IF(SUM(C60:H60)>0,SUM(C60:H60),"") | C60: =SUM('Day 1 - Match 1:Day 4 - Back 9'!P25)*Setup!F$41 -> 0 | D60: =SUM('Day 1 - Match 1:Day 4 - Back 9'!Q25)*Setup!F$42 -> 0 | E60: =SUM('Day 1 - Match 1:Day 4 - Back 9'!R25)*Setup!F$43 -> 0 | F60: =SUM('Day 1 - Match 1:Day 4 - Back 9'!AA25) -> 0 | G60: =SUM('Day 1 - Match 1:Day 4 - Back 9'!T25)*Setup!F$45 -> 0
A61: =Points!A22 -> Hunter | B61: =IF(SUM(C61:H61)>0,SUM(C61:H61),"") -> 20 | C61: =SUM('Day 1 - Match 1:Day 4 - Back 9'!P26)*Setup!F$41 -> 0 | D61: =SUM('Day 1 - Match 1:Day 4 - Back 9'!Q26)*Setup!F$42 -> 20 | E61: =SUM('Day 1 - Match 1:Day 4 - Back 9'!R26)*Setup!F$43 -> 0 | F61: =SUM('Day 1 - Match 1:Day 4 - Back 9'!AA26) -> 0 | G61: =SUM('Day 1 - Match 1:Day 4 - Back 9'!T26)*Setup!F$45 -> 0 | H61: =SUM(Points!AU22:AX22) -> 0
A62: =Points!A23 -> 0 | B62: =IF(SUM(C62:H62)>0,SUM(C62:H62),"") | C62: =SUM('Day 1 - Match 1:Day 4 - Back 9'!P27)*Setup!F$41 -> 0 | D62: =SUM('Day 1 - Match 1:Day 4 - Back 9'!Q27)*Setup!F$42 -> 0 | E62: =SUM('Day 1 - Match 1:Day 4 - Back 9'!R27)*Setup!F$43 -> 0 | F62: =SUM('Day 1 - Match 1:Day 4 - Back 9'!AA27) -> 0 | G62: =SUM('Day 1 - Match 1:Day 4 - Back 9'!T27)*Setup!F$45 -> 0
A63: =Points!A24 -> Gerald C | B63: =IF(SUM(C63:H63)>0,SUM(C63:H63),"") -> 20 | C63: =SUM('Day 1 - Match 1:Day 4 - Back 9'!P28)*Setup!F$41 -> 0 | D63: =SUM('Day 1 - Match 1:Day 4 - Back 9'!Q28)*Setup!F$42 -> 0 | E63: =SUM('Day 1 - Match 1:Day 4 - Back 9'!R28)*Setup!F$43 -> 0 | F63: =SUM('Day 1 - Match 1:Day 4 - Back 9'!AA28) -> 20 | G63: =SUM('Day 1 - Match 1:Day 4 - Back 9'!T28)*Setup!F$45 -> 0 | H63: =SUM(Points!AU24:AX24) -> 0
A64: =Points!A25 -> 0 | B64: =IF(SUM(C64:H64)>0,SUM(C64:H64),"") | C64: =SUM('Day 1 - Match 1:Day 4 - Back 9'!P29)*Setup!F$41 -> 0 | D64: =SUM('Day 1 - Match 1:Day 4 - Back 9'!Q29)*Setup!F$42 -> 0 | E64: =SUM('Day 1 - Match 1:Day 4 - Back 9'!R29)*Setup!F$43 -> 0 | F64: =SUM('Day 1 - Match 1:Day 4 - Back 9'!AA29) -> 0 | G64: =SUM('Day 1 - Match 1:Day 4 - Back 9'!T29)*Setup!F$45 -> 0
A65: =Points!A26 -> Bob | B65: =IF(SUM(C65:H65)>0,SUM(C65:H65),"") -> 60 | C65: =SUM('Day 1 - Match 1:Day 4 - Back 9'!P30)*Setup!F$41 -> 0 | D65: =SUM('Day 1 - Match 1:Day 4 - Back 9'!Q30)*Setup!F$42 -> 20 | E65: =SUM('Day 1 - Match 1:Day 4 - Back 9'!R30)*Setup!F$43 -> 40 | F65: =SUM('Day 1 - Match 1:Day 4 - Back 9'!AA30) -> 0 | G65: =SUM('Day 1 - Match 1:Day 4 - Back 9'!T30)*Setup!F$45 -> 0 | H65: =SUM(Points!AU26:AX26) -> 0
A66: =Points!A27 -> 0 | B66: =IF(SUM(C66:H66)>0,SUM(C66:H66),"") | C66: =SUM('Day 1 - Match 1:Day 4 - Back 9'!P31)*Setup!F$41 -> 0 | D66: =SUM('Day 1 - Match 1:Day 4 - Back 9'!Q31)*Setup!F$42 -> 0 | E66: =SUM('Day 1 - Match 1:Day 4 - Back 9'!R31)*Setup!F$43 -> 0 | F66: =SUM('Day 1 - Match 1:Day 4 - Back 9'!AA31) -> 0 | G66: =SUM('Day 1 - Match 1:Day 4 - Back 9'!T31)*Setup!F$45 -> 0
A67: =Points!A28 -> Patrick | B67: =IF(SUM(C67:H67)>0,SUM(C67:H67),"") | C67: =SUM('Day 1 - Match 1:Day 4 - Back 9'!P32)*Setup!F$41 -> 0 | D67: =SUM('Day 1 - Match 1:Day 4 - Back 9'!Q32)*Setup!F$42 -> 0 | E67: =SUM('Day 1 - Match 1:Day 4 - Back 9'!R32)*Setup!F$43 -> 0 | F67: =SUM('Day 1 - Match 1:Day 4 - Back 9'!AA32) -> 0 | G67: =SUM('Day 1 - Match 1:Day 4 - Back 9'!T32)*Setup!F$45 -> 0 | H67: =SUM(Points!AU28:AX28) -> 0
A69: =Points!A30 -> Brian S | B69: =IF(SUM(C69:H69)>0,SUM(C69:H69),"") -> 20 | C69: =SUM('Day 1 - Match 1:Day 4 - Back 9'!P34)*Setup!F$41 -> 0 | D69: =SUM('Day 1 - Match 1:Day 4 - Back 9'!Q34)*Setup!F$42 -> 0 | E69: =SUM('Day 1 - Match 1:Day 4 - Back 9'!R34)*Setup!F$43 -> 0 | F69: =SUM('Day 1 - Match 1:Day 4 - Back 9'!AA34) -> 20 | G69: =SUM('Day 1 - Match 1:Day 4 - Back 9'!T34)*Setup!F$45 -> 0 | H69: =SUM(Points!AU30:AX30) -> 0
A71: =Points!A32 -> Chris | B71: =IF(SUM(C71:H71)>0,SUM(C71:H71),"") -> 60 | C71: =SUM('Day 1 - Match 1:Day 4 - Back 9'!P36)*Setup!F$41 -> 0 | D71: =SUM('Day 1 - Match 1:Day 4 - Back 9'!Q36)*Setup!F$42 -> 40 | E71: =SUM('Day 1 - Match 1:Day 4 - Back 9'!R36)*Setup!F$43 -> 0 | F71: =SUM('Day 1 - Match 1:Day 4 - Back 9'!AA36) -> 20 | G71: =SUM('Day 1 - Match 1:Day 4 - Back 9'!T36)*Setup!F$45 -> 0 | H71: =SUM(Points!AU32:AX32) -> 0
A73: =Points!A34 -> Totals | B73: =SUM(B41:B72) -> 1600 | C73: =SUM(C41:C72) -> 100 | D73: =SUM(D41:D72) -> 120 | E73: =SUM(E41:E72) -> 80 | F73: =SUM(F41:F72) -> 100 | G73: =SUM(G41:G72) -> 0 | H73: =SUM(H41:H72) -> 1200

Sheet Day 1 - Match 1
A2: Hole | B2: =Courses!C6 -> 1 | C2: =Courses!D6 -> 2 | D2: =Courses!E6 -> 3 | E2: =Courses!F6 -> 4 | F2: =Courses!G6 -> 5 | G2: =Courses!H6 -> 6 | H2: =Courses!I6 -> 7 | I2: =Courses!J6 -> 8 | J2: =Courses!K6 -> 9
A3: Par | B3: =Courses!C7 -> 5 | C3: =Courses!D7 -> 4 | D3: =Courses!E7 -> 3 | E3: =Courses!F7 -> 5 | F3: =Courses!G7 -> 3 | G3: =Courses!H7 -> 4 | H3: =Courses!I7 -> 4 | I3: =Courses!J7 -> 3 | J3: =Courses!K7 -> 4 | K3: =SUM(B3:J3) -> 35 | P3: **For winners put in a "1"
A4: Handicap | B4: =Courses!C8 -> 11 | C4: =Courses!D8 -> 5 | D4: =Courses!E8 -> 9 | E4: =Courses!F8 -> 13 | F4: =Courses!G8 -> 15 | G4: =Courses!H8 -> 7 | H4: =Courses!I8 -> 1 | I4: =Courses!J8 -> 17 | J4: =Courses!K8 -> 3 | P4: =Matchups!K3 -> 10 | Q4: =Matchups!L3 -> 13 | R4: =Matchups!M3 -> 18
M5: Player | N5: Score | O5: Match Play | P5: =Results!C40 -> Long Drive | Q5: =Results!D40 -> Closest to Pin | R5: =Results!E40 -> Long Putt | S5: =Results!F40 -> Secret Snowman | T5: =Results!G40 -> Closest to Pin | V5: 1 | W5: 2 | X5: 3 | Y5: 4 | Z5: 5
A6: =Matchups!C3 -> Mil | B6: 5 | C6: 4 | D6: 5 | E6: 4 | F6: 4 | G6: 4 | H6: 5 | I6: 5 | J6: 4 | K6: =SUM(B6:J6) -> 40 | M6: =A6 -> Mil | N6: =K6 -> 40 | O6: =K44 -> 1 | V6: =IF($S$39=V$5,S6*V$5,"") | W6: =IF($S$39=W$5,S6*W$5,"") | X6: =IF($S$39=X$5,S6*X$5,"") | Y6: =IF($S$39=Y$5,S6*Y$5,"") | Z6: =IF($S$39=Z$5,S6*Z$5,"") | AA6: =IF(SUM(V6:Z6)=0,0,Setup!F$44/SUM(V6:Z6)) -> 0
A7: =Matchups!C4 -> 6 | M7: =A7 -> 6 | N7: =K7 -> 0 | V7: =IF($S$39=V$5,S7*V$5,"") | W7: =IF($S$39=W$5,S7*W$5,"") | X7: =IF($S$39=X$5,S7*X$5,"") | Y7: =IF($S$39=Y$5,S7*Y$5,"") | Z7: =IF($S$39=Z$5,S7*Z$5,"") | AA7: =IF(SUM(V7:Z7)=0,0,Setup!F$44/SUM(V7:Z7)) -> 0
A8: =Matchups!C5 -> John | B8: 7 | C8: 5 | D8: 3 | E8: 6 | F8: 3 | G8: 4 | H8: 4 | I8: 3 | J8: 5 | K8: =SUM(B8:J8) -> 40 | M8: =A8 -> John | N8: =K8 -> 40 | O8: =K50 -> 1 | V8: =IF($S$39=V$5,S8*V$5,"") | W8: =IF($S$39=W$5,S8*W$5,"") | X8: =IF($S$39=X$5,S8*X$5,"") | Y8: =IF($S$39=Y$5,S8*Y$5,"") | Z8: =IF($S$39=Z$5,S8*Z$5,"") | AA8: =IF(SUM(V8:Z8)=0,0,Setup!F$44/SUM(V8:Z8)) -> 0
A9: =Matchups!C6 -> 7 | M9: =A9 -> 7 | N9: =K9 -> 0 | V9: =IF($S$39=V$5,S9*V$5,"") | W9: =IF($S$39=W$5,S9*W$5,"") | X9: =IF($S$39=X$5,S9*X$5,"") | Y9: =IF($S$39=Y$5,S9*Y$5,"") | Z9: =IF($S$39=Z$5,S9*Z$5,"") | AA9: =IF(SUM(V9:Z9)=0,0,Setup!F$44/SUM(V9:Z9)) -> 0
A10: =Matchups!C7 -> Brian P | B10: 4 | C10: 5 | D10: 5 | E10: 7 | F10: 4 | G10: 5 | H10: 8 | I10: 4 | J10: 5 | K10: =SUM(B10:J10) -> 47 | M10: =A10 -> Brian P | N10: =K10 -> 47 | O10: =K57 -> 0 | V10: =IF($S$39=V$5,S10*V$5,"") | W10: =IF($S$39=W$5,S10*W$5,"") | X10: =IF($S$39=X$5,S10*X$5,"") | Y10: =IF($S$39=Y$5,S10*Y$5,"") | Z10: =IF($S$39=Z$5,S10*Z$5,"") | AA10: =IF(SUM(V10:Z10)=0,0,Setup!F$44/SUM(V10:Z10)) -> 0
A11: =Matchups!C8 -> 6 | M11: =A11 -> 6 | N11: =K11 -> 0 | V11: =IF($S$39=V$5,S11*V$5,"") | W11: =IF($S$39=W$5,S11*W$5,"") | X11: =IF($S$39=X$5,S11*X$5,"") | Y11: =IF($S$39=Y$5,S11*Y$5,"") | Z11: =IF($S$39=Z$5,S11*Z$5,"") | AA11: =IF(SUM(V11:Z11)=0,0,Setup!F$44/SUM(V11:Z11)) -> 0
A12: =Matchups!C9 -> Pat | B12: 7 | C12: 4 | D12: 4 | E12: 7 | F12: 4 | G12: 5 | H12: 4 | I12: 4 | J12: 5 | K12: =SUM(B12:J12) -> 44 | M12: =A12 -> Pat | N12: =K12 -> 44 | O12: =K63 -> 2 | V12: =IF($S$39=V$5,S12*V$5,"") | W12: =IF($S$39=W$5,S12*W$5,"") | X12: =IF($S$39=X$5,S12*X$5,"") | Y12: =IF($S$39=Y$5,S12*Y$5,"") | Z12: =IF($S$39=Z$5,S12*Z$5,"") | AA12: =IF(SUM(V12:Z12)=0,0,Setup!F$44/SUM(V12:Z12)) -> 0
A13: =Matchups!C10 -> 6 | M13: =A13 -> 6 | N13: =K13 -> 0 | V13: =IF($S$39=V$5,S13*V$5,"") | W13: =IF($S$39=W$5,S13*W$5,"") | X13: =IF($S$39=X$5,S13*X$5,"") | Y13: =IF($S$39=Y$5,S13*Y$5,"") | Z13: =IF($S$39=Z$5,S13*Z$5,"") | AA13: =IF(SUM(V13:Z13)=0,0,Setup!F$44/SUM(V13:Z13)) -> 0
A14: =Matchups!C11 -> Rick | B14: 6 | C14: 5 | D14: 4 | E14: 5 | F14: 4 | G14: 7 | H14: 9 | I14: 3 | J14: 4 | K14: =SUM(B14:J14) -> 47 | M14: =A14 -> Rick | N14: =K14 -> 47 | O14: =K70 -> 0 | V14: =IF($S$39=V$5,S14*V$5,"") | W14: =IF($S$39=W$5,S14*W$5,"") | X14: =IF($S$39=X$5,S14*X$5,"") | Y14: =IF($S$39=Y$5,S14*Y$5,"") | Z14: =IF($S$39=Z$5,S14*Z$5,"") | AA14: =IF(SUM(V14:Z14)=0,0,Setup!F$44/SUM(V14:Z14)) -> 0
A15: =Matchups!C12 -> 7 | M15: =A15 -> 7 | N15: =K15 -> 0 | V15: =IF($S$39=V$5,S15*V$5,"") | W15: =IF($S$39=W$5,S15*W$5,"") | X15: =IF($S$39=X$5,S15*X$5,"") | Y15: =IF($S$39=Y$5,S15*Y$5,"") | Z15: =IF($S$39=Z$5,S15*Z$5,"") | AA15: =IF(SUM(V15:Z15)=0,0,Setup!F$44/SUM(V15:Z15)) -> 0
A16: =Matchups!C13 -> Keith | B16: 7 | C16: 6 | D16: 4 | E16: 7 | F16: 5 | G16: 5 | H16: 7 | I16: 4 | J16: 6 | K16: =SUM(B16:J16) -> 51 | M16: =A16 -> Keith | N16: =K16 -> 51 | O16: =K76 -> 2 | V16: =IF($S$39=V$5,S16*V$5,"") | W16: =IF($S$39=W$5,S16*W$5,"") | X16: =IF($S$39=X$5,S16*X$5,"") | Y16: =IF($S$39=Y$5,S16*Y$5,"") | Z16: =IF($S$39=Z$5,S16*Z$5,"") | AA16: =IF(SUM(V16:Z16)=0,0,Setup!F$44/SUM(V16:Z16)) -> 0
A17: =Matchups!C14 -> 16 | M17: =A17 -> 16 | N17: =K17 -> 0 | V17: =IF($S$39=V$5,S17*V$5,"") | W17: =IF($S$39=W$5,S17*W$5,"") | X17: =IF($S$39=X$5,S17*X$5,"") | Y17: =IF($S$39=Y$5,S17*Y$5,"") | Z17: =IF($S$39=Z$5,S17*Z$5,"") | AA17: =IF(SUM(V17:Z17)=0,0,Setup!F$44/SUM(V17:Z17)) -> 0
A18: =Matchups!C15 -> Tony W | B18: 6 | C18: 7 | D18: 5 | E18: 6 | F18: 5 | G18: 4 | H18: 6 | I18: 4 | J18: 5 | K18: =SUM(B18:J18) -> 48 | M18: =A18 -> Tony W | N18: =K18 -> 48 | O18: =K83 -> 0 | V18: =IF($S$39=V$5,S18*V$5,"") | W18: =IF($S$39=W$5,S18*W$5,"") | X18: =IF($S$39=X$5,S18*X$5,"") | Y18: =IF($S$39=Y$5,S18*Y$5,"") | Z18: =IF($S$39=Z$5,S18*Z$5,"") | AA18: =IF(SUM(V18:Z18)=0,0,Setup!F$44/SUM(V18:Z18)) -> 0
A19: =Matchups!C16 -> 10 | M19: =A19 -> 10 | N19: =K19 -> 0 | V19: =IF($S$39=V$5,S19*V$5,"") | W19: =IF($S$39=W$5,S19*W$5,"") | X19: =IF($S$39=X$5,S19*X$5,"") | Y19: =IF($S$39=Y$5,S19*Y$5,"") | Z19: =IF($S$39=Z$5,S19*Z$5,"") | AA19: =IF(SUM(V19:Z19)=0,0,Setup!F$44/SUM(V19:Z19)) -> 0
A20: =Matchups!C17 -> Manny | B20: 5 | C20: 4 | D20: 4 | E20: 10 | F20: 5 | G20: 6 | H20: 8 | I20: 4 | J20: 5 | K20: =SUM(B20:J20) -> 51 | M20: =A20 -> Manny | N20: =K20 -> 51 | O20: =K89 -> 2 | V20: =IF($S$39=V$5,S20*V$5,"") | W20: =IF($S$39=W$5,S20*W$5,"") | X20: =IF($S$39=X$5,S20*X$5,"") | Y20: =IF($S$39=Y$5,S20*Y$5,"") | Z20: =IF($S$39=Z$5,S20*Z$5,"") | AA20: =IF(SUM(V20:Z20)=0,0,Setup!F$44/SUM(V20:Z20)) -> 0
A21: =Matchups!C18 -> 14 | M21: =A21 -> 14 | N21: =K21 -> 0 | V21: =IF($S$39=V$5,S21*V$5,"") | W21: =IF($S$39=W$5,S21*W$5,"") | X21: =IF($S$39=X$5,S21*X$5,"") | Y21: =IF($S$39=Y$5,S21*Y$5,"") | Z21: =IF($S$39=Z$5,S21*Z$5,"") | AA21: =IF(SUM(V21:Z21)=0,0,Setup!F$44/SUM(V21:Z21)) -> 0
A22: =Matchups!C19 -> Tommy | B22: 5 | C22: 5 | D22: 3 | E22: 8 | F22: 4 | G22: 4 | H22: 7 | I22: 4 | J22: 4 | K22: =SUM(B22:J22) -> 44 | M22: =A22 -> Tommy | N22: =K22 -> 44 | O22: =K96 -> 2 | V22: =IF($S$39=V$5,S22*V$5,"") | W22: =IF($S$39=W$5,S22*W$5,"") | X22: =IF($S$39=X$5,S22*X$5,"") | Y22: =IF($S$39=Y$5,S22*Y$5,"") | Z22: =IF($S$39=Z$5,S22*Z$5,"") | AA22: =IF(SUM(V22:Z22)=0,0,Setup!F$44/SUM(V22:Z22)) -> 0
A23: =Matchups!C20 -> 5 | M23: =A23 -> 5 | N23: =K23 -> 0 | V23: =IF($S$39=V$5,S23*V$5,"") | W23: =IF($S$39=W$5,S23*W$5,"") | X23: =IF($S$39=X$5,S23*X$5,"") | Y23: =IF($S$39=Y$5,S23*Y$5,"") | Z23: =IF($S$39=Z$5,S23*Z$5,"") | AA23: =IF(SUM(V23:Z23)=0,0,Setup!F$44/SUM(V23:Z23)) -> 0
A24: =Matchups!C21 -> Dave | B24: 6 | C24: 4 | D24: 4 | E24: 6 | F24: 4 | G24: 6 | H24: 6 | I24: 4 | J24: 5 | K24: =SUM(B24:J24) -> 45 | M24: =A24 -> Dave | N24: =K24 -> 45 | O24: =K102 -> 0 | V24: =IF($S$39=V$5,S24*V$5,"") | W24: =IF($S$39=W$5,S24*W$5,"") | X24: =IF($S$39=X$5,S24*X$5,"") | Y24: =IF($S$39=Y$5,S24*Y$5,"") | Z24: =IF($S$39=Z$5,S24*Z$5,"") | AA24: =IF(SUM(V24:Z24)=0,0,Setup!F$44/SUM(V24:Z24)) -> 0
A25: =Matchups!C22 -> 5 | M25: =A25 -> 5 | N25: =K25 -> 0 | V25: =IF($S$39=V$5,S25*V$5,"") | W25: =IF($S$39=W$5,S25*W$5,"") | X25: =IF($S$39=X$5,S25*X$5,"") | Y25: =IF($S$39=Y$5,S25*Y$5,"") | Z25: =IF($S$39=Z$5,S25*Z$5,"") | AA25: =IF(SUM(V25:Z25)=0,0,Setup!F$44/SUM(V25:Z25)) -> 0
A26: =Matchups!C23 -> Hunter | B26: 5 | C26: 4 | D26: 4 | E26: 6 | F26: 3 | G26: 5 | H26: 7 | I26: 6 | J26: 6 | K26: =SUM(B26:J26) -> 46 | M26: =A26 -> Hunter | N26: =K26 -> 46 | O26: =K109 -> 2 | V26: =IF($S$39=V$5,S26*V$5,"") | W26: =IF($S$39=W$5,S26*W$5,"") | X26: =IF($S$39=X$5,S26*X$5,"") | Y26: =IF($S$39=Y$5,S26*Y$5,"") | Z26: =IF($S$39=Z$5,S26*Z$5,"") | AA26: =IF(SUM(V26:Z26)=0,0,Setup!F$44/SUM(V26:Z26)) -> 0
A27: =Matchups!C24 -> 7 | M27: =A27 -> 7 | N27: =K27 -> 0 | V27: =IF($S$39=V$5,S27*V$5,"") | W27: =IF($S$39=W$5,S27*W$5,"") | X27: =IF($S$39=X$5,S27*X$5,"") | Y27: =IF($S$39=Y$5,S27*Y$5,"") | Z27: =IF($S$39=Z$5,S27*Z$5,"") | AA27: =IF(SUM(V27:Z27)=0,0,Setup!F$44/SUM(V27:Z27)) -> 0
A28: =Matchups!C25 -> Gerald C | B28: 8 | C28: 6 | D28: 5 | E28: 9 | F28: 4 | G28: 5 | H28: 6 | I28: 8 | J28: 7 | K28: =SUM(B28:J28) -> 58 | M28: =A28 -> Gerald C | N28: =K28 -> 58 | O28: =K115 -> 0 | V28: =IF($S$39=V$5,S28*V$5,"") | W28: =IF($S$39=W$5,S28*W$5,"") | X28: =IF($S$39=X$5,S28*X$5,"") | Y28: =IF($S$39=Y$5,S28*Y$5,"") | Z28: =IF($S$39=Z$5,S28*Z$5,"") | AA28: =IF(SUM(V28:Z28)=0,0,Setup!F$44/SUM(V28:Z28)) -> 0
A29: =Matchups!C26 -> 12 | M29: =A29 -> 12 | N29: =K29 -> 0 | V29: =IF($S$39=V$5,S29*V$5,"") | W29: =IF($S$39=W$5,S29*W$5,"") | X29: =IF($S$39=X$5,S29*X$5,"") | Y29: =IF($S$39=Y$5,S29*Y$5,"") | Z29: =IF($S$39=Z$5,S29*Z$5,"") | AA29: =IF(SUM(V29:Z29)=0,0,Setup!F$44/SUM(V29:Z29)) -> 0
A30: =Matchups!C27 -> Bob | B30: 5 | C30: 5 | D30: 6 | E30: 6 | F30: 3 | G30: 7 | H30: 4 | I30: 5 | J30: 8 | K30: =SUM(B30:J30) -> 49 | M30: =A30 -> Bob | N30: =K30 -> 49 | O30: =K122 -> 2 | V30: =IF($S$39=V$5,S30*V$5,"") | W30: =IF($S$39=W$5,S30*W$5,"") | X30: =IF($S$39=X$5,S30*X$5,"") | Y30: =IF($S$39=Y$5,S30*Y$5,"") | Z30: =IF($S$39=Z$5,S30*Z$5,"") | AA30: =IF(SUM(V30:Z30)=0,0,Setup!F$44/SUM(V30:Z30)) -> 0
A31: =Matchups!C28 -> 10 | M31: =A31 -> 10 | N31: =K31 -> 0 | V31: =IF($S$39=V$5,S31*V$5,"") | W31: =IF($S$39=W$5,S31*W$5,"") | X31: =IF($S$39=X$5,S31*X$5,"") | Y31: =IF($S$39=Y$5,S31*Y$5,"") | Z31: =IF($S$39=Z$5,S31*Z$5,"") | AA31: =IF(SUM(V31:Z31)=0,0,Setup!F$44/SUM(V31:Z31)) -> 0
A32: =Matchups!C29 -> Patrick | B32: 5 | C32: 7 | D32: 6 | E32: 6 | F32: 6 | G32: 6 | H32: 6 | I32: 5 | J32: 9 | K32: =SUM(B32:J32) -> 56 | M32: =A32 -> Patrick | N32: =K32 -> 56 | O32: =K128 -> 0 | V32: =IF($S$39=V$5,S32*V$5,"") | W32: =IF($S$39=W$5,S32*W$5,"") | X32: =IF($S$39=X$5,S32*X$5,"") | Y32: =IF($S$39=Y$5,S32*Y$5,"") | Z32: =IF($S$39=Z$5,S32*Z$5,"") | AA32: =IF(SUM(V32:Z32)=0,0,Setup!F$44/SUM(V32:Z32)) -> 0
A33: =Matchups!C30 -> 8 | M33: =A33 -> 8 | V33: =IF($S$39=V$5,S33*V$5,"") | W33: =IF($S$39=W$5,S33*W$5,"") | X33: =IF($S$39=X$5,S33*X$5,"") | Y33: =IF($S$39=Y$5,S33*Y$5,"") | Z33: =IF($S$39=Z$5,S33*Z$5,"") | AA33: =IF(SUM(V33:Z33)=0,0,Setup!F$44/SUM(V33:Z33)) -> 0
A34: =Matchups!C31 -> Brian S | B34: 5 | C34: 6 | D34: 4 | E34: 6 | F34: 3 | G34: 5 | H34: 7 | I34: 5 | J34: 6 | K34: =SUM(B34:J34) -> 47 | M34: =A34 -> Brian S | N34: =K34 -> 47 | O34: =K135 -> 2 | V34: =IF($S$39=V$5,S34*V$5,"") | W34: =IF($S$39=W$5,S34*W$5,"") | X34: =IF($S$39=X$5,S34*X$5,"") | Y34: =IF($S$39=Y$5,S34*Y$5,"") | Z34: =IF($S$39=Z$5,S34*Z$5,"") | AA34: =IF(SUM(V34:Z34)=0,0,Setup!F$44/SUM(V34:Z34)) -> 0
A35: =Matchups!C32 -> 13 | M35: =A35 -> 13 | V35: =IF($S$39=V$5,S35*V$5,"") | W35: =IF($S$39=W$5,S35*W$5,"") | X35: =IF($S$39=X$5,S35*X$5,"") | Y35: =IF($S$39=Y$5,S35*Y$5,"") | Z35: =IF($S$39=Z$5,S35*Z$5,"") | AA35: =IF(SUM(V35:Z35)=0,0,Setup!F$44/SUM(V35:Z35)) -> 0
A36: =Matchups!C33 -> Chris | B36: 8 | C36: 7 | D36: 3 | E36: 10 | F36: 3 | G36: 6 | H36: 9 | I36: 4 | J36: 8 | K36: =SUM(B36:J36) -> 58 | M36: =A36 -> Chris | N36: =K36 -> 58 | O36: =K141 -> 0 | V36: =IF($S$39=V$5,S36*V$5,"") | W36: =IF($S$39=W$5,S36*W$5,"") | X36: =IF($S$39=X$5,S36*X$5,"") | Y36: =IF($S$39=Y$5,S36*Y$5,"") | Z36: =IF($S$39=Z$5,S36*Z$5,"") | AA36: =IF(SUM(V36:Z36)=0,0,Setup!F$44/SUM(V36:Z36)) -> 0
A37: =Matchups!C34 -> 15 | M37: =A37 -> 15 | V37: =IF($S$39=V$5,S37*V$5,"") | W37: =IF($S$39=W$5,S37*W$5,"") | X37: =IF($S$39=X$5,S37*X$5,"") | Y37: =IF($S$39=Y$5,S37*Y$5,"") | Z37: =IF($S$39=Z$5,S37*Z$5,"") | AA37: =IF(SUM(V37:Z37)=0,0,Setup!F$44/SUM(V37:Z37)) -> 0
S39: =COUNTIF(S6:S37,1) -> 0
A40: Match 1
A41: =A6 -> Mil | B41: =B6 -> 5 | C41: =C6 -> 4 | D41: =D6 -> 5 | E41: =E6 -> 4 | F41: =F6 -> 4 | G41: =G6 -> 4 | H41: =H6 -> 5 | ... J41: =J6 -> 4 | K41: =SUM(B41:J41) -> 40
A42: =A7 -> 6 | B42: =IF(AND(ISNUMBER($A42),ISNUMBER($A48)),IF((RANK(B$4,$B$4:$J$4,1))<=($A42-$A48),1,0),"") -> 0 | C42: =IF(AND(ISNUMBER($A42),ISNUMBER($A48)),IF((RANK(C$4,$B$4:$J$4,1))<=($A42-$A48),1,0),"") -> 0 | D42: =IF(AND(ISNUMBER($A42),ISNUMBER($A48)),IF((RANK(D$4,$B$4:$J$4,1))<=($A42-$A48),1,0),"") -> 0 | E42: =IF(AND(ISNUMBER($A42),ISNUMBER($A48)),IF((RANK(E$4,$B$4:$J$4,1))<=($A42-$A48),1,0),"") -> 0 | F42: =IF(AND(ISNUMBER($A42),ISNUMBER($A48)),IF((RANK(F$4,$B$4:$J$4,1))<=($A42-$A48),1,0),"") -> 0 | G42: =IF(AND(ISNUMBER($A42),ISNUMBER($A48)),IF((RANK(G$4,$B$4:$J$4,1))<=($A42-$A48),1,0),"") -> 0 | H42: =IF(AND(ISNUMBER($A42),ISNUMBER($A48)),IF((RANK(H$4,$B$4:$J$4,1))<=($A42-$A48),1,0),"") -> 0 | I42: =IF(AND(ISNUMBER($A42),ISNUMBER($A48)),IF((RANK(I$4,$B$4:$J$4,1))<=($A42-$A48),1,0),"") -> 0 | J42: =IF(AND(ISNUMBER($A42),ISNUMBER($A48)),IF((RANK(J$4,$B$4:$J$4,1))<=($A42-$A48),1,0),"") -> 0 | K42: =SUM(B42:J42) -> 0
A43: =IF((A42-A48)>9,(A42-A48-9),0) -> 0 | B43: =IF(AND(ISNUMBER($A43),ISNUMBER($A49)),IF((RANK(B$4,$B$4:$J$4,1))<=($A43-$A49),1,0),"") -> 0 | C43: =IF(AND(ISNUMBER($A43),ISNUMBER($A49)),IF((RANK(C$4,$B$4:$J$4,1))<=($A43-$A49),1,0),"") -> 0 | D43: =IF(AND(ISNUMBER($A43),ISNUMBER($A49)),IF((RANK(D$4,$B$4:$J$4,1))<=($A43-$A49),1,0),"") -> 0 | E43: =IF(AND(ISNUMBER($A43),ISNUMBER($A49)),IF((RANK(E$4,$B$4:$J$4,1))<=($A43-$A49),1,0),"") -> 0 | F43: =IF(AND(ISNUMBER($A43),ISNUMBER($A49)),IF((RANK(F$4,$B$4:$J$4,1))<=($A43-$A49),1,0),"") -> 0 | G43: =IF(AND(ISNUMBER($A43),ISNUMBER($A49)),IF((RANK(G$4,$B$4:$J$4,1))<=($A43-$A49),1,0),"") -> 0 | H43: =IF(AND(ISNUMBER($A43),ISNUMBER($A49)),IF((RANK(H$4,$B$4:$J$4,1))<=($A43-$A49),1,0),"") -> 0 | I43: =IF(AND(ISNUMBER($A43),ISNUMBER($A49)),IF((RANK(I$4,$B$4:$J$4,1))<=($A43-$A49),1,0),"") -> 0 | J43: =IF(AND(ISNUMBER($A43),ISNUMBER($A49)),IF((RANK(J$4,$B$4:$J$4,1))<=($A43-$A49),1,0),"") -> 0 | K43: =SUM(B43:J43) -> 0
B44: =IF(AND(ISNUMBER(B41),ISNUMBER(B42)),B41-B42-B43," ") -> 5 | C44: =IF(AND(ISNUMBER(C41),ISNUMBER(C42)),C41-C42-C43," ") -> 4 | D44: =IF(AND(ISNUMBER(D41),ISNUMBER(D42)),D41-D42-D43," ") -> 5 | E44: =IF(AND(ISNUMBER(E41),ISNUMBER(E42)),E41-E42-E43," ") -> 4 | F44: =IF(AND(ISNUMBER(F41),ISNUMBER(F42)),F41-F42-F43," ") -> 4 | G44: =IF(AND(ISNUMBER(G41),ISNUMBER(G42)),G41-G42-G43," ") -> 4 | H44: =IF(AND(ISNUMBER(H41),ISNUMBER(H42)),H41-H42-H43," ") -> 5 | I44: =IF(AND(ISNUMBER(I41),ISNUMBER(I42)),I41-I42-I43," ") -> 5 | J44: =IF(AND(ISNUMBER(J41),ISNUMBER(J42)),J41-J42-J43," ") -> 4 | K44: =IF(ISNUMBER(FIND("Wins",K45)), 2, IF(ISNUMBER(FIND("Tie",K45)), 1, 0)) -> 1
B45: =IF(AND(ISNUMBER(B44),ISNUMBER(B50)),IF(B44<B50, 0+1, (IF(B44>B50, 0-1, 0)))," ") -> 1 | C45: =IF(AND(ISNUMBER(C44),ISNUMBER(C50)),IF(C44<C50, +B45+1, (IF(C44>C50, +B45-1, +B45)))," ") -> 2 | D45: =IF(AND(ISNUMBER(D44),ISNUMBER(D50)),IF(D44<D50, +C45+1, (IF(D44>D50, +C45-1, +C45)))," ") -> 1 | E45: =IF(AND(ISNUMBER(E44),ISNUMBER(E50)),IF(E44<E50, +D45+1, (IF(E44>E50, +D45-1, +D45)))," ") -> 2 | F45: =IF(AND(ISNUMBER(F44),ISNUMBER(F50)),IF(F44<F50, +E45+1, (IF(F44>F50, +E45-1, +E45)))," ") -> 1 | G45: =IF(AND(ISNUMBER(G44),ISNUMBER(G50)),IF(G44<G50, +F45+1, (IF(G44>G50, +F45-1, +F45)))," ") -> 1 | H45: =IF(AND(ISNUMBER(H44),ISNUMBER(H50)),IF(H44<H50, +G45+1, (IF(H44>H50, +G45-1, +G45)))," ") -> 0 | I45: =IF(AND(ISNUMBER(I44),ISNUMBER(I50)),IF(I44<I50, +H45+1, (IF(I44>I50, +H45-1, +H45)))," ") -> -1 | J45: =IF(AND(ISNUMBER(J44),ISNUMBER(J50)),IF(J44<J50, +I45+1, (IF(J44>J50, +I45-1, +I45)))," ") -> 0 | K45: =IF(ISNUMBER(J45),IF(F45>4,"Wins " & F45 & " & 4",IF(G45>3,"Wins " & G45 & " & 3",IF(H45>2,"Wins " & H45 & " & 2",IF(I45>1,"Wins " & I45 & " & 1",IF(J45>J51,"Wins " & J45 & " Up",IF(J45<J51,"Loss","Tie"))))))," ") -> Tie
A47: =A8 -> John | B47: =B8 -> 7 | C47: =C8 -> 5 | D47: =D8 -> 3 | E47: =E8 -> 6 | F47: =F8 -> 3 | G47: =G8 -> 4 | H47: =H8 -> 4 | ... J47: =J8 -> 5 | K47: =SUM(B47:J47) -> 40
A48: =A9 -> 7 | B48: =IF(AND(ISNUMBER($A42),ISNUMBER($A48)),IF((RANK(B$4,$B$4:$J$4,1))<=($A48-$A42),1,0),"") -> 0 | C48: =IF(AND(ISNUMBER($A42),ISNUMBER($A48)),IF((RANK(C$4,$B$4:$J$4,1))<=($A48-$A42),1,0),"") -> 0 | D48: =IF(AND(ISNUMBER($A42),ISNUMBER($A48)),IF((RANK(D$4,$B$4:$J$4,1))<=($A48-$A42),1,0),"") -> 0 | E48: =IF(AND(ISNUMBER($A42),ISNUMBER($A48)),IF((RANK(E$4,$B$4:$J$4,1))<=($A48-$A42),1,0),"") -> 0 | F48: =IF(AND(ISNUMBER($A42),ISNUMBER($A48)),IF((RANK(F$4,$B$4:$J$4,1))<=($A48-$A42),1,0),"") -> 0 | G48: =IF(AND(ISNUMBER($A42),ISNUMBER($A48)),IF((RANK(G$4,$B$4:$J$4,1))<=($A48-$A42),1,0),"") -> 0 | H48: =IF(AND(ISNUMBER($A42),ISNUMBER($A48)),IF((RANK(H$4,$B$4:$J$4,1))<=($A48-$A42),1,0),"") -> 1 | I48: =IF(AND(ISNUMBER($A42),ISNUMBER($A48)),IF((RANK(I$4,$B$4:$J$4,1))<=($A48-$A42),1,0),"") -> 0 | J48: =IF(AND(ISNUMBER($A42),ISNUMBER($A48)),IF((RANK(J$4,$B$4:$J$4,1))<=($A48-$A42),1,0),"") -> 0 | K48: =SUM(B48:J48) -> 1
A49: =IF((A48-A42)>9,(A48-A42-9),0) -> 0 | B49: =IF(AND(ISNUMBER($A43),ISNUMBER($A49)),IF((RANK(B$4,$B$4:$J$4,1))<=($A49-$A43),1,0),"") -> 0 | C49: =IF(AND(ISNUMBER($A43),ISNUMBER($A49)),IF((RANK(C$4,$B$4:$J$4,1))<=($A49-$A43),1,0),"") -> 0 | D49: =IF(AND(ISNUMBER($A43),ISNUMBER($A49)),IF((RANK(D$4,$B$4:$J$4,1))<=($A49-$A43),1,0),"") -> 0 | E49: =IF(AND(ISNUMBER($A43),ISNUMBER($A49)),IF((RANK(E$4,$B$4:$J$4,1))<=($A49-$A43),1,0),"") -> 0 | F49: =IF(AND(ISNUMBER($A43),ISNUMBER($A49)),IF((RANK(F$4,$B$4:$J$4,1))<=($A49-$A43),1,0),"") -> 0 | G49: =IF(AND(ISNUMBER($A43),ISNUMBER($A49)),IF((RANK(G$4,$B$4:$J$4,1))<=($A49-$A43),1,0),"") -> 0 | H49: =IF(AND(ISNUMBER($A43),ISNUMBER($A49)),IF((RANK(H$4,$B$4:$J$4,1))<=($A49-$A43),1,0),"") -> 0 | I49: =IF(AND(ISNUMBER($A43),ISNUMBER($A49)),IF((RANK(I$4,$B$4:$J$4,1))<=($A49-$A43),1,0),"") -> 0 | J49: =IF(AND(ISNUMBER($A43),ISNUMBER($A49)),IF((RANK(J$4,$B$4:$J$4,1))<=($A49-$A43),1,0),"") -> 0 | K49: =SUM(B49:J49) -> 0
B50: =IF(AND(ISNUMBER(B47),ISNUMBER(B48)),B47-B48-B49," ") -> 7 | C50: =IF(AND(ISNUMBER(C47),ISNUMBER(C48)),C47-C48-C49," ") -> 5 | D50: =IF(AND(ISNUMBER(D47),ISNUMBER(D48)),D47-D48-D49," ") -> 3 | E50: =IF(AND(ISNUMBER(E47),ISNUMBER(E48)),E47-E48-E49," ") -> 6 | F50: =IF(AND(ISNUMBER(F47),ISNUMBER(F48)),F47-F48-F49," ") -> 3 | G50: =IF(AND(ISNUMBER(G47),ISNUMBER(G48)),G47-G48-G49," ") -> 4 | H50: =IF(AND(ISNUMBER(H47),ISNUMBER(H48)),H47-H48-H49," ") -> 3 | I50: =IF(AND(ISNUMBER(I47),ISNUMBER(I48)),I47-I48-I49," ") -> 3 | J50: =IF(AND(ISNUMBER(J47),ISNUMBER(J48)),J47-J48-J49," ") -> 5 | K50: =IF(ISNUMBER(FIND("Wins",K51)), 2, IF(ISNUMBER(FIND("Tie",K51)), 1, 0)) -> 1
B51: =IF(AND(ISNUMBER(B44),ISNUMBER(B50)),IF(B50<B44, 0+1, (IF(B50>B44, 0-1, 0)))," ") -> -1 | C51: =IF(AND(ISNUMBER(C44),ISNUMBER(C50)),IF(C50<C44, +B51+1, (IF(C50>C44, +B51-1, +B51)))," ") -> -2 | D51: =IF(AND(ISNUMBER(D44),ISNUMBER(D50)),IF(D50<D44, +C51+1, (IF(D50>D44, +C51-1, +C51)))," ") -> -1 | E51: =IF(AND(ISNUMBER(E44),ISNUMBER(E50)),IF(E50<E44, +D51+1, (IF(E50>E44, +D51-1, +D51)))," ") -> -2 | F51: =IF(AND(ISNUMBER(F44),ISNUMBER(F50)),IF(F50<F44, +E51+1, (IF(F50>F44, +E51-1, +E51)))," ") -> -1 | G51: =IF(AND(ISNUMBER(G44),ISNUMBER(G50)),IF(G50<G44, +F51+1, (IF(G50>G44, +F51-1, +F51)))," ") -> -1 | H51: =IF(AND(ISNUMBER(H44),ISNUMBER(H50)),IF(H50<H44, +G51+1, (IF(H50>H44, +G51-1, +G51)))," ") -> 0 | I51: =IF(AND(ISNUMBER(I44),ISNUMBER(I50)),IF(I50<I44, +H51+1, (IF(I50>I44, +H51-1, +H51)))," ") -> 1 | J51: =IF(AND(ISNUMBER(J44),ISNUMBER(J50)),IF(J50<J44, +I51+1, (IF(J50>J44, +I51-1, +I51)))," ") -> 0 | K51: =IF(ISNUMBER(J51),IF(F51>4,"Wins " & F51 & " & 4",IF(G51>3,"Wins " & G51 & " & 3",IF(H51>2,"Wins " & H51 & " & 2",IF(I51>1,"Wins " & I51 & " & 1",IF(J51>J45,"Wins " & J51 & " Up",IF(J51<J45,"Loss","Tie"))))))," ") -> Tie
A53: Match 2
A54: =A10 -> Brian P | B54: =B10 -> 4 | C54: =C10 -> 5 | D54: =D10 -> 5 | E54: =E10 -> 7 | F54: =F10 -> 4 | G54: =G10 -> 5 | H54: =H10 -> 8 | ... J54: =J10 -> 5 | K54: =SUM(B54:J54) -> 47
A55: =A11 -> 6 | B55: =IF(AND(ISNUMBER($A55),ISNUMBER($A61)),IF((RANK(B$4,$B$4:$J$4,1))<=($A55-$A61),1,0),"") -> 0 | C55: =IF(AND(ISNUMBER($A55),ISNUMBER($A61)),IF((RANK(C$4,$B$4:$J$4,1))<=($A55-$A61),1,0),"") -> 0 | D55: =IF(AND(ISNUMBER($A55),ISNUMBER($A61)),IF((RANK(D$4,$B$4:$J$4,1))<=($A55-$A61),1,0),"") -> 0 | E55: =IF(AND(ISNUMBER($A55),ISNUMBER($A61)),IF((RANK(E$4,$B$4:$J$4,1))<=($A55-$A61),1,0),"") -> 0 | F55: =IF(AND(ISNUMBER($A55),ISNUMBER($A61)),IF((RANK(F$4,$B$4:$J$4,1))<=($A55-$A61),1,0),"") -> 0 | G55: =IF(AND(ISNUMBER($A55),ISNUMBER($A61)),IF((RANK(G$4,$B$4:$J$4,1))<=($A55-$A61),1,0),"") -> 0 | H55: =IF(AND(ISNUMBER($A55),ISNUMBER($A61)),IF((RANK(H$4,$B$4:$J$4,1))<=($A55-$A61),1,0),"") -> 0 | I55: =IF(AND(ISNUMBER($A55),ISNUMBER($A61)),IF((RANK(I$4,$B$4:$J$4,1))<=($A55-$A61),1,0),"") -> 0 | J55: =IF(AND(ISNUMBER($A55),ISNUMBER($A61)),IF((RANK(J$4,$B$4:$J$4,1))<=($A55-$A61),1,0),"") -> 0 | K55: =SUM(B55:J55) -> 0
A56: =IF((A55-A61)>9,(A55-A61-9),0) -> 0 | B56: =IF(AND(ISNUMBER($A56),ISNUMBER($A62)),IF((RANK(B$4,$B$4:$J$4,1))<=($A56-$A62),1,0),"") -> 0 | C56: =IF(AND(ISNUMBER($A56),ISNUMBER($A62)),IF((RANK(C$4,$B$4:$J$4,1))<=($A56-$A62),1,0),"") -> 0 | D56: =IF(AND(ISNUMBER($A56),ISNUMBER($A62)),IF((RANK(D$4,$B$4:$J$4,1))<=($A56-$A62),1,0),"") -> 0 | E56: =IF(AND(ISNUMBER($A56),ISNUMBER($A62)),IF((RANK(E$4,$B$4:$J$4,1))<=($A56-$A62),1,0),"") -> 0 | F56: =IF(AND(ISNUMBER($A56),ISNUMBER($A62)),IF((RANK(F$4,$B$4:$J$4,1))<=($A56-$A62),1,0),"") -> 0 | G56: =IF(AND(ISNUMBER($A56),ISNUMBER($A62)),IF((RANK(G$4,$B$4:$J$4,1))<=($A56-$A62),1,0),"") -> 0 | H56: =IF(AND(ISNUMBER($A56),ISNUMBER($A62)),IF((RANK(H$4,$B$4:$J$4,1))<=($A56-$A62),1,0),"") -> 0 | I56: =IF(AND(ISNUMBER($A56),ISNUMBER($A62)),IF((RANK(I$4,$B$4:$J$4,1))<=($A56-$A62),1,0),"") -> 0 | J56: =IF(AND(ISNUMBER($A56),ISNUMBER($A62)),IF((RANK(J$4,$B$4:$J$4,1))<=($A56-$A62),1,0),"") -> 0 | K56: =SUM(B56:J56) -> 0
B57: =IF(AND(ISNUMBER(B54),ISNUMBER(B55)),B54-B55-B56," ") -> 4 | C57: =IF(AND(ISNUMBER(C54),ISNUMBER(C55)),C54-C55-C56," ") -> 5 | D57: =IF(AND(ISNUMBER(D54),ISNUMBER(D55)),D54-D55-D56," ") -> 5 | E57: =IF(AND(ISNUMBER(E54),ISNUMBER(E55)),E54-E55-E56," ") -> 7 | F57: =IF(AND(ISNUMBER(F54),ISNUMBER(F55)),F54-F55-F56," ") -> 4 | G57: =IF(AND(ISNUMBER(G54),ISNUMBER(G55)),G54-G55-G56," ") -> 5 | H57: =IF(AND(ISNUMBER(H54),ISNUMBER(H55)),H54-H55-H56," ") -> 8 | I57: =IF(AND(ISNUMBER(I54),ISNUMBER(I55)),I54-I55-I56," ") -> 4 | J57: =IF(AND(ISNUMBER(J54),ISNUMBER(J55)),J54-J55-J56," ") -> 5 | K57: =IF(ISNUMBER(FIND("Wins",K58)), 2, IF(ISNUMBER(FIND("Tie",K58)), 1, 0)) -> 0
B58: =IF(AND(ISNUMBER(B57),ISNUMBER(B63)),IF(B57<B63, 0+1, (IF(B57>B63, 0-1, 0)))," ") -> 1 | C58: =IF(AND(ISNUMBER(C57),ISNUMBER(C63)),IF(C57<C63, +B58+1, (IF(C57>C63, +B58-1, +B58)))," ") -> 0 | D58: =IF(AND(ISNUMBER(D57),ISNUMBER(D63)),IF(D57<D63, +C58+1, (IF(D57>D63, +C58-1, +C58)))," ") -> -1 | E58: =IF(AND(ISNUMBER(E57),ISNUMBER(E63)),IF(E57<E63, +D58+1, (IF(E57>E63, +D58-1, +D58)))," ") -> -1 | F58: =IF(AND(ISNUMBER(F57),ISNUMBER(F63)),IF(F57<F63, +E58+1, (IF(F57>F63, +E58-1, +E58)))," ") -> -1 | G58: =IF(AND(ISNUMBER(G57),ISNUMBER(G63)),IF(G57<G63, +F58+1, (IF(G57>G63, +F58-1, +F58)))," ") -> -1 | H58: =IF(AND(ISNUMBER(H57),ISNUMBER(H63)),IF(H57<H63, +G58+1, (IF(H57>H63, +G58-1, +G58)))," ") -> -2 | I58: =IF(AND(ISNUMBER(I57),ISNUMBER(I63)),IF(I57<I63, +H58+1, (IF(I57>I63, +H58-1, +H58)))," ") -> -2 | J58: =IF(AND(ISNUMBER(J57),ISNUMBER(J63)),IF(J57<J63, +I58+1, (IF(J57>J63, +I58-1, +I58)))," ") -> -2 | K58: =IF(ISNUMBER(J58),IF(F58>4,"Wins " & F58 & " & 4",IF(G58>3,"Wins " & G58 & " & 3",IF(H58>2,"Wins " & H58 & " & 2",IF(I58>1,"Wins " & I58 & " & 1",IF(J58>J64,"Wins " & J58 & " Up",IF(J58<J64,"Loss","Tie"))))))," ") -> Loss
A60: =A12 -> Pat | B60: =B12 -> 7 | C60: =C12 -> 4 | D60: =D12 -> 4 | E60: =E12 -> 7 | F60: =F12 -> 4 | G60: =G12 -> 5 | H60: =H12 -> 4 | ... J60: =J12 -> 5 | K60: =SUM(B60:J60) -> 44
A61: =A13 -> 6 | B61: =IF(AND(ISNUMBER($A55),ISNUMBER($A61)),IF((RANK(B$4,$B$4:$J$4,1))<=($A61-$A55),1,0),"") -> 0 | C61: =IF(AND(ISNUMBER($A55),ISNUMBER($A61)),IF((RANK(C$4,$B$4:$J$4,1))<=($A61-$A55),1,0),"") -> 0 | D61: =IF(AND(ISNUMBER($A55),ISNUMBER($A61)),IF((RANK(D$4,$B$4:$J$4,1))<=($A61-$A55),1,0),"") -> 0 | E61: =IF(AND(ISNUMBER($A55),ISNUMBER($A61)),IF((RANK(E$4,$B$4:$J$4,1))<=($A61-$A55),1,0),"") -> 0 | F61: =IF(AND(ISNUMBER($A55),ISNUMBER($A61)),IF((RANK(F$4,$B$4:$J$4,1))<=($A61-$A55),1,0),"") -> 0 | G61: =IF(AND(ISNUMBER($A55),ISNUMBER($A61)),IF((RANK(G$4,$B$4:$J$4,1))<=($A61-$A55),1,0),"") -> 0 | H61: =IF(AND(ISNUMBER($A55),ISNUMBER($A61)),IF((RANK(H$4,$B$4:$J$4,1))<=($A61-$A55),1,0),"") -> 0 | I61: =IF(AND(ISNUMBER($A55),ISNUMBER($A61)),IF((RANK(I$4,$B$4:$J$4,1))<=($A61-$A55),1,0),"") -> 0 | J61: =IF(AND(ISNUMBER($A55),ISNUMBER($A61)),IF((RANK(J$4,$B$4:$J$4,1))<=($A61-$A55),1,0),"") -> 0 | K61: =SUM(B61:J61) -> 0
A62: =IF((A61-A55)>9,(A61-A55-9),0) -> 0 | B62: =IF(AND(ISNUMBER($A56),ISNUMBER($A62)),IF((RANK(B$4,$B$4:$J$4,1))<=($A62-$A56),1,0),"") -> 0 | C62: =IF(AND(ISNUMBER($A56),ISNUMBER($A62)),IF((RANK(C$4,$B$4:$J$4,1))<=($A62-$A56),1,0),"") -> 0 | D62: =IF(AND(ISNUMBER($A56),ISNUMBER($A62)),IF((RANK(D$4,$B$4:$J$4,1))<=($A62-$A56),1,0),"") -> 0 | E62: =IF(AND(ISNUMBER($A56),ISNUMBER($A62)),IF((RANK(E$4,$B$4:$J$4,1))<=($A62-$A56),1,0),"") -> 0 | F62: =IF(AND(ISNUMBER($A56),ISNUMBER($A62)),IF((RANK(F$4,$B$4:$J$4,1))<=($A62-$A56),1,0),"") -> 0 | G62: =IF(AND(ISNUMBER($A56),ISNUMBER($A62)),IF((RANK(G$4,$B$4:$J$4,1))<=($A62-$A56),1,0),"") -> 0 | H62: =IF(AND(ISNUMBER($A56),ISNUMBER($A62)),IF((RANK(H$4,$B$4:$J$4,1))<=($A62-$A56),1,0),"") -> 0 | I62: =IF(AND(ISNUMBER($A56),ISNUMBER($A62)),IF((RANK(I$4,$B$4:$J$4,1))<=($A62-$A56),1,0),"") -> 0 | J62: =IF(AND(ISNUMBER($A56),ISNUMBER($A62)),IF((RANK(J$4,$B$4:$J$4,1))<=($A62-$A56),1,0),"") -> 0 | K62: =SUM(B62:J62) -> 0
B63: =IF(AND(ISNUMBER(B60),ISNUMBER(B61)),B60-B61-B62," ") -> 7 | C63: =IF(AND(ISNUMBER(C60),ISNUMBER(C61)),C60-C61-C62," ") -> 4 | D63: =IF(AND(ISNUMBER(D60),ISNUMBER(D61)),D60-D61-D62," ") -> 4 | E63: =IF(AND(ISNUMBER(E60),ISNUMBER(E61)),E60-E61-E62," ") -> 7 | F63: =IF(AND(ISNUMBER(F60),ISNUMBER(F61)),F60-F61-F62," ") -> 4 | G63: =IF(AND(ISNUMBER(G60),ISNUMBER(G61)),G60-G61-G62," ") -> 5 | H63: =IF(AND(ISNUMBER(H60),ISNUMBER(H61)),H60-H61-H62," ") -> 4 | I63: =IF(AND(ISNUMBER(I60),ISNUMBER(I61)),I60-I61-I62," ") -> 4 | J63: =IF(AND(ISNUMBER(J60),ISNUMBER(J61)),J60-J61-J62," ") -> 5 | K63: =IF(ISNUMBER(FIND("Wins",K64)), 2, IF(ISNUMBER(FIND("Tie",K64)), 1, 0)) -> 2
B64: =IF(AND(ISNUMBER(B57),ISNUMBER(B63)),IF(B63<B57, 0+1, (IF(B63>B57, 0-1, 0)))," ") -> -1 | C64: =IF(AND(ISNUMBER(C57),ISNUMBER(C63)),IF(C63<C57, +B64+1, (IF(C63>C57, +B64-1, +B64)))," ") -> 0 | D64: =IF(AND(ISNUMBER(D57),ISNUMBER(D63)),IF(D63<D57, +C64+1, (IF(D63>D57, +C64-1, +C64)))," ") -> 1 | E64: =IF(AND(ISNUMBER(E57),ISNUMBER(E63)),IF(E63<E57, +D64+1, (IF(E63>E57, +D64-1, +D64)))," ") -> 1 | F64: =IF(AND(ISNUMBER(F57),ISNUMBER(F63)),IF(F63<F57, +E64+1, (IF(F63>F57, +E64-1, +E64)))," ") -> 1 | G64: =IF(AND(ISNUMBER(G57),ISNUMBER(G63)),IF(G63<G57, +F64+1, (IF(G63>G57, +F64-1, +F64)))," ") -> 1 | H64: =IF(AND(ISNUMBER(H57),ISNUMBER(H63)),IF(H63<H57, +G64+1, (IF(H63>H57, +G64-1, +G64)))," ") -> 2 | I64: =IF(AND(ISNUMBER(I57),ISNUMBER(I63)),IF(I63<I57, +H64+1, (IF(I63>I57, +H64-1, +H64)))," ") -> 2 | J64: =IF(AND(ISNUMBER(J57),ISNUMBER(J63)),IF(J63<J57, +I64+1, (IF(J63>J57, +I64-1, +I64)))," ") -> 2 | K64: =IF(ISNUMBER(J64),IF(F64>4,"Wins " & F64 & " & 4",IF(G64>3,"Wins " & G64 & " & 3",IF(H64>2,"Wins " & H64 & " & 2",IF(I64>1,"Wins " & I64 & " & 1",IF(J64>J58,"Wins " & J64 & " Up",IF(J64<J58,"Loss","Tie"))))))," ") -> Wins 2 & 1
A66: Match 3
A67: =A14 -> Rick | B67: =B14 -> 6 | C67: =C14 -> 5 | D67: =D14 -> 4 | E67: =E14 -> 5 | F67: =F14 -> 4 | G67: =G14 -> 7 | H67: =H14 -> 9 | ... J67: =J14 -> 4 | K67: =SUM(B67:J67) -> 47
A68: =A15 -> 7 | B68: =IF(AND(ISNUMBER($A68),ISNUMBER($A74)),IF((RANK(B$4,$B$4:$J$4,1))<=($A68-$A74),1,0),"") -> 0 | C68: =IF(AND(ISNUMBER($A68),ISNUMBER($A74)),IF((RANK(C$4,$B$4:$J$4,1))<=($A68-$A74),1,0),"") -> 0 | D68: =IF(AND(ISNUMBER($A68),ISNUMBER($A74)),IF((RANK(D$4,$B$4:$J$4,1))<=($A68-$A74),1,0),"") -> 0 | E68: =IF(AND(ISNUMBER($A68),ISNUMBER($A74)),IF((RANK(E$4,$B$4:$J$4,1))<=($A68-$A74),1,0),"") -> 0 | F68: =IF(AND(ISNUMBER($A68),ISNUMBER($A74)),IF((RANK(F$4,$B$4:$J$4,1))<=($A68-$A74),1,0),"") -> 0 | G68: =IF(AND(ISNUMBER($A68),ISNUMBER($A74)),IF((RANK(G$4,$B$4:$J$4,1))<=($A68-$A74),1,0),"") -> 0 | H68: =IF(AND(ISNUMBER($A68),ISNUMBER($A74)),IF((RANK(H$4,$B$4:$J$4,1))<=($A68-$A74),1,0),"") -> 0 | I68: =IF(AND(ISNUMBER($A68),ISNUMBER($A74)),IF((RANK(I$4,$B$4:$J$4,1))<=($A68-$A74),1,0),"") -> 0 | J68: =IF(AND(ISNUMBER($A68),ISNUMBER($A74)),IF((RANK(J$4,$B$4:$J$4,1))<=($A68-$A74),1,0),"") -> 0 | K68: =SUM(B68:J68) -> 0
A69: =IF((A68-A74)>9,(A68-A74-9),0) -> 0 | B69: =IF(AND(ISNUMBER($A69),ISNUMBER($A75)),IF((RANK(B$4,$B$4:$J$4,1))<=($A69-$A75),1,0),"") -> 0 | C69: =IF(AND(ISNUMBER($A69),ISNUMBER($A75)),IF((RANK(C$4,$B$4:$J$4,1))<=($A69-$A75),1,0),"") -> 0 | D69: =IF(AND(ISNUMBER($A69),ISNUMBER($A75)),IF((RANK(D$4,$B$4:$J$4,1))<=($A69-$A75),1,0),"") -> 0 | E69: =IF(AND(ISNUMBER($A69),ISNUMBER($A75)),IF((RANK(E$4,$B$4:$J$4,1))<=($A69-$A75),1,0),"") -> 0 | F69: =IF(AND(ISNUMBER($A69),ISNUMBER($A75)),IF((RANK(F$4,$B$4:$J$4,1))<=($A69-$A75),1,0),"") -> 0 | G69: =IF(AND(ISNUMBER($A69),ISNUMBER($A75)),IF((RANK(G$4,$B$4:$J$4,1))<=($A69-$A75),1,0),"") -> 0 | H69: =IF(AND(ISNUMBER($A69),ISNUMBER($A75)),IF((RANK(H$4,$B$4:$J$4,1))<=($A69-$A75),1,0),"") -> 0 | I69: =IF(AND(ISNUMBER($A69),ISNUMBER($A75)),IF((RANK(I$4,$B$4:$J$4,1))<=($A69-$A75),1,0),"") -> 0 | J69: =IF(AND(ISNUMBER($A69),ISNUMBER($A75)),IF((RANK(J$4,$B$4:$J$4,1))<=($A69-$A75),1,0),"") -> 0 | K69: =SUM(B69:J69) -> 0
B70: =IF(AND(ISNUMBER(B67),ISNUMBER(B68)),B67-B68-B69," ") -> 6 | C70: =IF(AND(ISNUMBER(C67),ISNUMBER(C68)),C67-C68-C69," ") -> 5 | D70: =IF(AND(ISNUMBER(D67),ISNUMBER(D68)),D67-D68-D69," ") -> 4 | E70: =IF(AND(ISNUMBER(E67),ISNUMBER(E68)),E67-E68-E69," ") -> 5 | F70: =IF(AND(ISNUMBER(F67),ISNUMBER(F68)),F67-F68-F69," ") -> 4 | G70: =IF(AND(ISNUMBER(G67),ISNUMBER(G68)),G67-G68-G69," ") -> 7 | H70: =IF(AND(ISNUMBER(H67),ISNUMBER(H68)),H67-H68-H69," ") -> 9 | I70: =IF(AND(ISNUMBER(I67),ISNUMBER(I68)),I67-I68-I69," ") -> 3 | J70: =IF(AND(ISNUMBER(J67),ISNUMBER(J68)),J67-J68-J69," ") -> 4 | K70: =IF(ISNUMBER(FIND("Wins",K71)), 2, IF(ISNUMBER(FIND("Tie",K71)), 1, 0)) -> 0
B71: =IF(AND(ISNUMBER(B70),ISNUMBER(B76)),IF(B70<B76, 0+1, (IF(B70>B76, 0-1, 0)))," ") -> 0 | C71: =IF(AND(ISNUMBER(C70),ISNUMBER(C76)),IF(C70<C76, +B71+1, (IF(C70>C76, +B71-1, +B71)))," ") -> 0 | D71: =IF(AND(ISNUMBER(D70),ISNUMBER(D76)),IF(D70<D76, +C71+1, (IF(D70>D76, +C71-1, +C71)))," ") -> -1 | E71: =IF(AND(ISNUMBER(E70),ISNUMBER(E76)),IF(E70<E76, +D71+1, (IF(E70>E76, +D71-1, +D71)))," ") -> 0 | F71: =IF(AND(ISNUMBER(F70),ISNUMBER(F76)),IF(F70<F76, +E71+1, (IF(F70>F76, +E71-1, +E71)))," ") -> 0 | G71: =IF(AND(ISNUMBER(G70),ISNUMBER(G76)),IF(G70<G76, +F71+1, (IF(G70>G76, +F71-1, +F71)))," ") -> -1 | H71: =IF(AND(ISNUMBER(H70),ISNUMBER(H76)),IF(H70<H76, +G71+1, (IF(H70>H76, +G71-1, +G71)))," ") -> -2 | I71: =IF(AND(ISNUMBER(I70),ISNUMBER(I76)),IF(I70<I76, +H71+1, (IF(I70>I76, +H71-1, +H71)))," ") -> -2 | J71: =IF(AND(ISNUMBER(J70),ISNUMBER(J76)),IF(J70<J76, +I71+1, (IF(J70>J76, +I71-1, +I71)))," ") -> -1 | K71: =IF(ISNUMBER(J71),IF(F71>4,"Wins " & F71 & " & 4",IF(G71>3,"Wins " & G71 & " & 3",IF(H71>2,"Wins " & H71 & " & 2",IF(I71>1,"Wins " & I71 & " & 1",IF(J71>J77,"Wins " & J71 & " Up",IF(J71<J77,"Loss","Tie"))))))," ") -> Loss
A73: =A16 -> Keith | B73: =B16 -> 7 | C73: =C16 -> 6 | D73: =D16 -> 4 | E73: =E16 -> 7 | F73: =F16 -> 5 | G73: =G16 -> 5 | H73: =H16 -> 7 | ... J73: =J16 -> 6 | K73: =SUM(B73:J73) -> 51
A74: =A17 -> 16 | B74: =IF(AND(ISNUMBER($A68),ISNUMBER($A74)),IF((RANK(B$4,$B$4:$J$4,1))<=($A74-$A68),1,0),"") -> 1 | C74: =IF(AND(ISNUMBER($A68),ISNUMBER($A74)),IF((RANK(C$4,$B$4:$J$4,1))<=($A74-$A68),1,0),"") -> 1 | D74: =IF(AND(ISNUMBER($A68),ISNUMBER($A74)),IF((RANK(D$4,$B$4:$J$4,1))<=($A74-$A68),1,0),"") -> 1 | E74: =IF(AND(ISNUMBER($A68),ISNUMBER($A74)),IF((RANK(E$4,$B$4:$J$4,1))<=($A74-$A68),1,0),"") -> 1 | F74: =IF(AND(ISNUMBER($A68),ISNUMBER($A74)),IF((RANK(F$4,$B$4:$J$4,1))<=($A74-$A68),1,0),"") -> 1 | G74: =IF(AND(ISNUMBER($A68),ISNUMBER($A74)),IF((RANK(G$4,$B$4:$J$4,1))<=($A74-$A68),1,0),"") -> 1 | H74: =IF(AND(ISNUMBER($A68),ISNUMBER($A74)),IF((RANK(H$4,$B$4:$J$4,1))<=($A74-$A68),1,0),"") -> 1 | I74: =IF(AND(ISNUMBER($A68),ISNUMBER($A74)),IF((RANK(I$4,$B$4:$J$4,1))<=($A74-$A68),1,0),"") -> 1 | J74: =IF(AND(ISNUMBER($A68),ISNUMBER($A74)),IF((RANK(J$4,$B$4:$J$4,1))<=($A74-$A68),1,0),"") -> 1 | K74: =SUM(B74:J74) -> 9
A75: =IF((A74-A68)>9,(A74-A68-9),0) -> 0 | B75: =IF(AND(ISNUMBER($A69),ISNUMBER($A75)),IF((RANK(B$4,$B$4:$J$4,1))<=($A75-$A69),1,0),"") -> 0 | C75: =IF(AND(ISNUMBER($A69),ISNUMBER($A75)),IF((RANK(C$4,$B$4:$J$4,1))<=($A75-$A69),1,0),"") -> 0 | D75: =IF(AND(ISNUMBER($A69),ISNUMBER($A75)),IF((RANK(D$4,$B$4:$J$4,1))<=($A75-$A69),1,0),"") -> 0 | E75: =IF(AND(ISNUMBER($A69),ISNUMBER($A75)),IF((RANK(E$4,$B$4:$J$4,1))<=($A75-$A69),1,0),"") -> 0 | F75: =IF(AND(ISNUMBER($A69),ISNUMBER($A75)),IF((RANK(F$4,$B$4:$J$4,1))<=($A75-$A69),1,0),"") -> 0 | G75: =IF(AND(ISNUMBER($A69),ISNUMBER($A75)),IF((RANK(G$4,$B$4:$J$4,1))<=($A75-$A69),1,0),"") -> 0 | H75: =IF(AND(ISNUMBER($A69),ISNUMBER($A75)),IF((RANK(H$4,$B$4:$J$4,1))<=($A75-$A69),1,0),"") -> 0 | I75: =IF(AND(ISNUMBER($A69),ISNUMBER($A75)),IF((RANK(I$4,$B$4:$J$4,1))<=($A75-$A69),1,0),"") -> 0 | J75: =IF(AND(ISNUMBER($A69),ISNUMBER($A75)),IF((RANK(J$4,$B$4:$J$4,1))<=($A75-$A69),1,0),"") -> 0 | K75: =SUM(B75:J75) -> 0
B76: =IF(AND(ISNUMBER(B73),ISNUMBER(B74)),B73-B74-B75," ") -> 6 | C76: =IF(AND(ISNUMBER(C73),ISNUMBER(C74)),C73-C74-C75," ") -> 5 | D76: =IF(AND(ISNUMBER(D73),ISNUMBER(D74)),D73-D74-D75," ") -> 3 | E76: =IF(AND(ISNUMBER(E73),ISNUMBER(E74)),E73-E74-E75," ") -> 6 | F76: =IF(AND(ISNUMBER(F73),ISNUMBER(F74)),F73-F74-F75," ") -> 4 | G76: =IF(AND(ISNUMBER(G73),ISNUMBER(G74)),G73-G74-G75," ") -> 4 | H76: =IF(AND(ISNUMBER(H73),ISNUMBER(H74)),H73-H74-H75," ") -> 6 | I76: =IF(AND(ISNUMBER(I73),ISNUMBER(I74)),I73-I74-I75," ") -> 3 | J76: =IF(AND(ISNUMBER(J73),ISNUMBER(J74)),J73-J74-J75," ") -> 5 | K76: =IF(ISNUMBER(FIND("Wins",K77)), 2, IF(ISNUMBER(FIND("Tie",K77)), 1, 0)) -> 2
B77: =IF(AND(ISNUMBER(B70),ISNUMBER(B76)),IF(B76<B70, 0+1, (IF(B76>B70, 0-1, 0)))," ") -> 0 | C77: =IF(AND(ISNUMBER(C70),ISNUMBER(C76)),IF(C76<C70, +B77+1, (IF(C76>C70, +B77-1, +B77)))," ") -> 0 | D77: =IF(AND(ISNUMBER(D70),ISNUMBER(D76)),IF(D76<D70, +C77+1, (IF(D76>D70, +C77-1, +C77)))," ") -> 1 | E77: =IF(AND(ISNUMBER(E70),ISNUMBER(E76)),IF(E76<E70, +D77+1, (IF(E76>E70, +D77-1, +D77)))," ") -> 0 | F77: =IF(AND(ISNUMBER(F70),ISNUMBER(F76)),IF(F76<F70, +E77+1, (IF(F76>F70, +E77-1, +E77)))," ") -> 0 | G77: =IF(AND(ISNUMBER(G70),ISNUMBER(G76)),IF(G76<G70, +F77+1, (IF(G76>G70, +F77-1, +F77)))," ") -> 1 | H77: =IF(AND(ISNUMBER(H70),ISNUMBER(H76)),IF(H76<H70, +G77+1, (IF(H76>H70, +G77-1, +G77)))," ") -> 2 | I77: =IF(AND(ISNUMBER(I70),ISNUMBER(I76)),IF(I76<I70, +H77+1, (IF(I76>I70, +H77-1, +H77)))," ") -> 2 | J77: =IF(AND(ISNUMBER(J70),ISNUMBER(J76)),IF(J76<J70, +I77+1, (IF(J76>J70, +I77-1, +I77)))," ") -> 1 | K77: =IF(ISNUMBER(J77),IF(F77>4,"Wins " & F77 & " & 4",IF(G77>3,"Wins " & G77 & " & 3",IF(H77>2,"Wins " & H77 & " & 2",IF(I77>1,"Wins " & I77 & " & 1",IF(J77>J71,"Wins " & J77 & " Up",IF(J77<J71,"Loss","Tie"))))))," ") -> Wins 2 & 1
A79: Match 4
A80: =A18 -> Tony W | B80: =B18 -> 6 | C80: =C18 -> 7 | D80: =D18 -> 5 | E80: =E18 -> 6 | F80: =F18 -> 5 | G80: =G18 -> 4 | H80: =H18 -> 6 | ... J80: =J18 -> 5 | K80: =SUM(B80:J80) -> 48
A81: =A19 -> 10 | B81: =IF(AND(ISNUMBER($A81),ISNUMBER($A87)),IF((RANK(B$4,$B$4:$J$4,1))<=($A81-$A87),1,0),"") -> 0 | C81: =IF(AND(ISNUMBER($A81),ISNUMBER($A87)),IF((RANK(C$4,$B$4:$J$4,1))<=($A81-$A87),1,0),"") -> 0 | D81: =IF(AND(ISNUMBER($A81),ISNUMBER($A87)),IF((RANK(D$4,$B$4:$J$4,1))<=($A81-$A87),1,0),"") -> 0 | E81: =IF(AND(ISNUMBER($A81),ISNUMBER($A87)),IF((RANK(E$4,$B$4:$J$4,1))<=($A81-$A87),1,0),"") -> 0 | F81: =IF(AND(ISNUMBER($A81),ISNUMBER($A87)),IF((RANK(F$4,$B$4:$J$4,1))<=($A81-$A87),1,0),"") -> 0 | G81: =IF(AND(ISNUMBER($A81),ISNUMBER($A87)),IF((RANK(G$4,$B$4:$J$4,1))<=($A81-$A87),1,0),"") -> 0 | H81: =IF(AND(ISNUMBER($A81),ISNUMBER($A87)),IF((RANK(H$4,$B$4:$J$4,1))<=($A81-$A87),1,0),"") -> 0 | I81: =IF(AND(ISNUMBER($A81),ISNUMBER($A87)),IF((RANK(I$4,$B$4:$J$4,1))<=($A81-$A87),1,0),"") -> 0 | J81: =IF(AND(ISNUMBER($A81),ISNUMBER($A87)),IF((RANK(J$4,$B$4:$J$4,1))<=($A81-$A87),1,0),"") -> 0 | K81: =SUM(B81:J81) -> 0
A82: =IF((A81-A87)>9,(A81-A87-9),0) -> 0 | B82: =IF(AND(ISNUMBER($A82),ISNUMBER($A88)),IF((RANK(B$4,$B$4:$J$4,1))<=($A82-$A88),1,0),"") -> 0 | C82: =IF(AND(ISNUMBER($A82),ISNUMBER($A88)),IF((RANK(C$4,$B$4:$J$4,1))<=($A82-$A88),1,0),"") -> 0 | D82: =IF(AND(ISNUMBER($A82),ISNUMBER($A88)),IF((RANK(D$4,$B$4:$J$4,1))<=($A82-$A88),1,0),"") -> 0 | E82: =IF(AND(ISNUMBER($A82),ISNUMBER($A88)),IF((RANK(E$4,$B$4:$J$4,1))<=($A82-$A88),1,0),"") -> 0 | F82: =IF(AND(ISNUMBER($A82),ISNUMBER($A88)),IF((RANK(F$4,$B$4:$J$4,1))<=($A82-$A88),1,0),"") -> 0 | G82: =IF(AND(ISNUMBER($A82),ISNUMBER($A88)),IF((RANK(G$4,$B$4:$J$4,1))<=($A82-$A88),1,0),"") -> 0 | H82: =IF(AND(ISNUMBER($A82),ISNUMBER($A88)),IF((RANK(H$4,$B$4:$J$4,1))<=($A82-$A88),1,0),"") -> 0 | I82: =IF(AND(ISNUMBER($A82),ISNUMBER($A88)),IF((RANK(I$4,$B$4:$J$4,1))<=($A82-$A88),1,0),"") -> 0 | J82: =IF(AND(ISNUMBER($A82),ISNUMBER($A88)),IF((RANK(J$4,$B$4:$J$4,1))<=($A82-$A88),1,0),"") -> 0 | K82: =SUM(B82:J82) -> 0
B83: =IF(AND(ISNUMBER(B80),ISNUMBER(B81)),B80-B81-B82," ") -> 6 | C83: =IF(AND(ISNUMBER(C80),ISNUMBER(C81)),C80-C81-C82," ") -> 7 | D83: =IF(AND(ISNUMBER(D80),ISNUMBER(D81)),D80-D81-D82," ") -> 5 | E83: =IF(AND(ISNUMBER(E80),ISNUMBER(E81)),E80-E81-E82," ") -> 6 | F83: =IF(AND(ISNUMBER(F80),ISNUMBER(F81)),F80-F81-F82," ") -> 5 | G83: =IF(AND(ISNUMBER(G80),ISNUMBER(G81)),G80-G81-G82," ") -> 4 | H83: =IF(AND(ISNUMBER(H80),ISNUMBER(H81)),H80-H81-H82," ") -> 6 | I83: =IF(AND(ISNUMBER(I80),ISNUMBER(I81)),I80-I81-I82," ") -> 4 | J83: =IF(AND(ISNUMBER(J80),ISNUMBER(J81)),J80-J81-J82," ") -> 5 | K83: =IF(ISNUMBER(FIND("Wins",K84)), 2, IF(ISNUMBER(FIND("Tie",K84)), 1, 0)) -> 0
B84: =IF(AND(ISNUMBER(B83),ISNUMBER(B89)),IF(B83<B89, 0+1, (IF(B83>B89, 0-1, 0)))," ") -> -1 | C84: =IF(AND(ISNUMBER(C83),ISNUMBER(C89)),IF(C83<C89, +B84+1, (IF(C83>C89, +B84-1, +B84)))," ") -> -2 | D84: =IF(AND(ISNUMBER(D83),ISNUMBER(D89)),IF(D83<D89, +C84+1, (IF(D83>D89, +C84-1, +C84)))," ") -> -3 | E84: =IF(AND(ISNUMBER(E83),ISNUMBER(E89)),IF(E83<E89, +D84+1, (IF(E83>E89, +D84-1, +D84)))," ") -> -2 | F84: =IF(AND(ISNUMBER(F83),ISNUMBER(F89)),IF(F83<F89, +E84+1, (IF(F83>F89, +E84-1, +E84)))," ") -> -2 | G84: =IF(AND(ISNUMBER(G83),ISNUMBER(G89)),IF(G83<G89, +F84+1, (IF(G83>G89, +F84-1, +F84)))," ") -> -1 | H84: =IF(AND(ISNUMBER(H83),ISNUMBER(H89)),IF(H83<H89, +G84+1, (IF(H83>H89, +G84-1, +G84)))," ") -> 0 | I84: =IF(AND(ISNUMBER(I83),ISNUMBER(I89)),IF(I83<I89, +H84+1, (IF(I83>I89, +H84-1, +H84)))," ") -> 0 | J84: =IF(AND(ISNUMBER(J83),ISNUMBER(J89)),IF(J83<J89, +I84+1, (IF(J83>J89, +I84-1, +I84)))," ") -> -1 | K84: =IF(ISNUMBER(J84),IF(F84>4,"Wins " & F84 & " & 4",IF(G84>3,"Wins " & G84 & " & 3",IF(H84>2,"Wins " & H84 & " & 2",IF(I84>1,"Wins " & I84 & " & 1",IF(J84>J90,"Wins " & J84 & " Up",IF(J84<J90,"Loss","Tie"))))))," ") -> Loss
A86: =A20 -> Manny | B86: =B20 -> 5 | C86: =C20 -> 4 | D86: =D20 -> 4 | E86: =E20 -> 10 | F86: =F20 -> 5 | G86: =G20 -> 6 | H86: =H20 -> 8 | ... J86: =J20 -> 5 | K86: =SUM(B86:J86) -> 51
A87: =A21 -> 14 | B87: =IF(AND(ISNUMBER($A81),ISNUMBER($A87)),IF((RANK(B$4,$B$4:$J$4,1))<=($A87-$A81),1,0),"") -> 0 | C87: =IF(AND(ISNUMBER($A81),ISNUMBER($A87)),IF((RANK(C$4,$B$4:$J$4,1))<=($A87-$A81),1,0),"") -> 1 | D87: =IF(AND(ISNUMBER($A81),ISNUMBER($A87)),IF((RANK(D$4,$B$4:$J$4,1))<=($A87-$A81),1,0),"") -> 0 | E87: =IF(AND(ISNUMBER($A81),ISNUMBER($A87)),IF((RANK(E$4,$B$4:$J$4,1))<=($A87-$A81),1,0),"") -> 0 | F87: =IF(AND(ISNUMBER($A81),ISNUMBER($A87)),IF((RANK(F$4,$B$4:$J$4,1))<=($A87-$A81),1,0),"") -> 0 | G87: =IF(AND(ISNUMBER($A81),ISNUMBER($A87)),IF((RANK(G$4,$B$4:$J$4,1))<=($A87-$A81),1,0),"") -> 1 | H87: =IF(AND(ISNUMBER($A81),ISNUMBER($A87)),IF((RANK(H$4,$B$4:$J$4,1))<=($A87-$A81),1,0),"") -> 1 | I87: =IF(AND(ISNUMBER($A81),ISNUMBER($A87)),IF((RANK(I$4,$B$4:$J$4,1))<=($A87-$A81),1,0),"") -> 0 | J87: =IF(AND(ISNUMBER($A81),ISNUMBER($A87)),IF((RANK(J$4,$B$4:$J$4,1))<=($A87-$A81),1,0),"") -> 1 | K87: =SUM(B87:J87) -> 4
A88: =IF((A87-A81)>9,(A87-A81-9),0) -> 0 | B88: =IF(AND(ISNUMBER($A82),ISNUMBER($A88)),IF((RANK(B$4,$B$4:$J$4,1))<=($A88-$A82),1,0),"") -> 0 | C88: =IF(AND(ISNUMBER($A82),ISNUMBER($A88)),IF((RANK(C$4,$B$4:$J$4,1))<=($A88-$A82),1,0),"") -> 0 | D88: =IF(AND(ISNUMBER($A82),ISNUMBER($A88)),IF((RANK(D$4,$B$4:$J$4,1))<=($A88-$A82),1,0),"") -> 0 | E88: =IF(AND(ISNUMBER($A82),ISNUMBER($A88)),IF((RANK(E$4,$B$4:$J$4,1))<=($A88-$A82),1,0),"") -> 0 | F88: =IF(AND(ISNUMBER($A82),ISNUMBER($A88)),IF((RANK(F$4,$B$4:$J$4,1))<=($A88-$A82),1,0),"") -> 0 | G88: =IF(AND(ISNUMBER($A82),ISNUMBER($A88)),IF((RANK(G$4,$B$4:$J$4,1))<=($A88-$A82),1,0),"") -> 0 | H88: =IF(AND(ISNUMBER($A82),ISNUMBER($A88)),IF((RANK(H$4,$B$4:$J$4,1))<=($A88-$A82),1,0),"") -> 0 | I88: =IF(AND(ISNUMBER($A82),ISNUMBER($A88)),IF((RANK(I$4,$B$4:$J$4,1))<=($A88-$A82),1,0),"") -> 0 | J88: =IF(AND(ISNUMBER($A82),ISNUMBER($A88)),IF((RANK(J$4,$B$4:$J$4,1))<=($A88-$A82),1,0),"") -> 0 | K88: =SUM(B88:J88) -> 0
B89: =IF(AND(ISNUMBER(B86),ISNUMBER(B87)),B86-B87-B88," ") -> 5 | C89: =IF(AND(ISNUMBER(C86),ISNUMBER(C87)),C86-C87-C88," ") -> 3 | D89: =IF(AND(ISNUMBER(D86),ISNUMBER(D87)),D86-D87-D88," ") -> 4 | E89: =IF(AND(ISNUMBER(E86),ISNUMBER(E87)),E86-E87-E88," ") -> 10 | F89: =IF(AND(ISNUMBER(F86),ISNUMBER(F87)),F86-F87-F88," ") -> 5 | G89: =IF(AND(ISNUMBER(G86),ISNUMBER(G87)),G86-G87-G88," ") -> 5 | H89: =IF(AND(ISNUMBER(H86),ISNUMBER(H87)),H86-H87-H88," ") -> 7 | I89: =IF(AND(ISNUMBER(I86),ISNUMBER(I87)),I86-I87-I88," ") -> 4 | J89: =IF(AND(ISNUMBER(J86),ISNUMBER(J87)),J86-J87-J88," ") -> 4 | K89: =IF(ISNUMBER(FIND("Wins",K90)), 2, IF(ISNUMBER(FIND("Tie",K90)), 1, 0)) -> 2
B90: =IF(AND(ISNUMBER(B83),ISNUMBER(B89)),IF(B89<B83, 0+1, (IF(B89>B83, 0-1, 0)))," ") -> 1 | C90: =IF(AND(ISNUMBER(C83),ISNUMBER(C89)),IF(C89<C83, +B90+1, (IF(C89>C83, +B90-1, +B90)))," ") -> 2 | D90: =IF(AND(ISNUMBER(D83),ISNUMBER(D89)),IF(D89<D83, +C90+1, (IF(D89>D83, +C90-1, +C90)))," ") -> 3 | E90: =IF(AND(ISNUMBER(E83),ISNUMBER(E89)),IF(E89<E83, +D90+1, (IF(E89>E83, +D90-1, +D90)))," ") -> 2 | F90: =IF(AND(ISNUMBER(F83),ISNUMBER(F89)),IF(F89<F83, +E90+1, (IF(F89>F83, +E90-1, +E90)))," ") -> 2 | G90: =IF(AND(ISNUMBER(G83),ISNUMBER(G89)),IF(G89<G83, +F90+1, (IF(G89>G83, +F90-1, +F90)))," ") -> 1 | H90: =IF(AND(ISNUMBER(H83),ISNUMBER(H89)),IF(H89<H83, +G90+1, (IF(H89>H83, +G90-1, +G90)))," ") -> 0 | I90: =IF(AND(ISNUMBER(I83),ISNUMBER(I89)),IF(I89<I83, +H90+1, (IF(I89>I83, +H90-1, +H90)))," ") -> 0 | J90: =IF(AND(ISNUMBER(J83),ISNUMBER(J89)),IF(J89<J83, +I90+1, (IF(J89>J83, +I90-1, +I90)))," ") -> 1 | K90: =IF(ISNUMBER(J90),IF(F90>4,"Wins " & F90 & " & 4",IF(G90>3,"Wins " & G90 & " & 3",IF(H90>2,"Wins " & H90 & " & 2",IF(I90>1,"Wins " & I90 & " & 1",IF(J90>J84,"Wins " & J90 & " Up",IF(J90<J84,"Loss","Tie"))))))," ") -> Wins 1 Up
A92: Match 5
A93: =A22 -> Tommy | B93: =B22 -> 5 | C93: =C22 -> 5 | D93: =D22 -> 3 | E93: =E22 -> 8 | F93: =F22 -> 4 | G93: =G22 -> 4 | H93: =H22 -> 7 | ... J93: =J22 -> 4 | K93: =SUM(B93:J93) -> 44
A94: =A23 -> 5 | B94: =IF(AND(ISNUMBER($A94),ISNUMBER($A100)),IF((RANK(B$4,$B$4:$J$4,1))<=($A94-$A100),1,0),"") -> 0 | C94: =IF(AND(ISNUMBER($A94),ISNUMBER($A100)),IF((RANK(C$4,$B$4:$J$4,1))<=($A94-$A100),1,0),"") -> 0 | D94: =IF(AND(ISNUMBER($A94),ISNUMBER($A100)),IF((RANK(D$4,$B$4:$J$4,1))<=($A94-$A100),1,0),"") -> 0 | E94: =IF(AND(ISNUMBER($A94),ISNUMBER($A100)),IF((RANK(E$4,$B$4:$J$4,1))<=($A94-$A100),1,0),"") -> 0 | F94: =IF(AND(ISNUMBER($A94),ISNUMBER($A100)),IF((RANK(F$4,$B$4:$J$4,1))<=($A94-$A100),1,0),"") -> 0 | G94: =IF(AND(ISNUMBER($A94),ISNUMBER($A100)),IF((RANK(G$4,$B$4:$J$4,1))<=($A94-$A100),1,0),"") -> 0 | H94: =IF(AND(ISNUMBER($A94),ISNUMBER($A100)),IF((RANK(H$4,$B$4:$J$4,1))<=($A94-$A100),1,0),"") -> 0 | I94: =IF(AND(ISNUMBER($A94),ISNUMBER($A100)),IF((RANK(I$4,$B$4:$J$4,1))<=($A94-$A100),1,0),"") -> 0 | J94: =IF(AND(ISNUMBER($A94),ISNUMBER($A100)),IF((RANK(J$4,$B$4:$J$4,1))<=($A94-$A100),1,0),"") -> 0 | K94: =SUM(B94:J94) -> 0
A95: =IF((A94-A100)>9,(A94-A100-9),0) -> 0 | B95: =IF(AND(ISNUMBER($A95),ISNUMBER($A101)),IF((RANK(B$4,$B$4:$J$4,1))<=($A95-$A101),1,0),"") -> 0 | C95: =IF(AND(ISNUMBER($A95),ISNUMBER($A101)),IF((RANK(C$4,$B$4:$J$4,1))<=($A95-$A101),1,0),"") -> 0 | D95: =IF(AND(ISNUMBER($A95),ISNUMBER($A101)),IF((RANK(D$4,$B$4:$J$4,1))<=($A95-$A101),1,0),"") -> 0 | E95: =IF(AND(ISNUMBER($A95),ISNUMBER($A101)),IF((RANK(E$4,$B$4:$J$4,1))<=($A95-$A101),1,0),"") -> 0 | F95: =IF(AND(ISNUMBER($A95),ISNUMBER($A101)),IF((RANK(F$4,$B$4:$J$4,1))<=($A95-$A101),1,0),"") -> 0 | G95: =IF(AND(ISNUMBER($A95),ISNUMBER($A101)),IF((RANK(G$4,$B$4:$J$4,1))<=($A95-$A101),1,0),"") -> 0 | H95: =IF(AND(ISNUMBER($A95),ISNUMBER($A101)),IF((RANK(H$4,$B$4:$J$4,1))<=($A95-$A101),1,0),"") -> 0 | I95: =IF(AND(ISNUMBER($A95),ISNUMBER($A101)),IF((RANK(I$4,$B$4:$J$4,1))<=($A95-$A101),1,0),"") -> 0 | J95: =IF(AND(ISNUMBER($A95),ISNUMBER($A101)),IF((RANK(J$4,$B$4:$J$4,1))<=($A95-$A101),1,0),"") -> 0 | K95: =SUM(B95:J95) -> 0
B96: =IF(AND(ISNUMBER(B93),ISNUMBER(B94)),B93-B94-B95," ") -> 5 | C96: =IF(AND(ISNUMBER(C93),ISNUMBER(C94)),C93-C94-C95," ") -> 5 | D96: =IF(AND(ISNUMBER(D93),ISNUMBER(D94)),D93-D94-D95," ") -> 3 | E96: =IF(AND(ISNUMBER(E93),ISNUMBER(E94)),E93-E94-E95," ") -> 8 | F96: =IF(AND(ISNUMBER(F93),ISNUMBER(F94)),F93-F94-F95," ") -> 4 | G96: =IF(AND(ISNUMBER(G93),ISNUMBER(G94)),G93-G94-G95," ") -> 4 | H96: =IF(AND(ISNUMBER(H93),ISNUMBER(H94)),H93-H94-H95," ") -> 7 | I96: =IF(AND(ISNUMBER(I93),ISNUMBER(I94)),I93-I94-I95," ") -> 4 | J96: =IF(AND(ISNUMBER(J93),ISNUMBER(J94)),J93-J94-J95," ") -> 4 | K96: =IF(ISNUMBER(FIND("Wins",K97)), 2, IF(ISNUMBER(FIND("Tie",K97)), 1, 0)) -> 2
B97: =IF(AND(ISNUMBER(B96),ISNUMBER(B102)),IF(B96<B102, 0+1, (IF(B96>B102, 0-1, 0)))," ") -> 1 | C97: =IF(AND(ISNUMBER(C96),ISNUMBER(C102)),IF(C96<C102, +B97+1, (IF(C96>C102, +B97-1, +B97)))," ") -> 0 | D97: =IF(AND(ISNUMBER(D96),ISNUMBER(D102)),IF(D96<D102, +C97+1, (IF(D96>D102, +C97-1, +C97)))," ") -> 1 | E97: =IF(AND(ISNUMBER(E96),ISNUMBER(E102)),IF(E96<E102, +D97+1, (IF(E96>E102, +D97-1, +D97)))," ") -> 0 | F97: =IF(AND(ISNUMBER(F96),ISNUMBER(F102)),IF(F96<F102, +E97+1, (IF(F96>F102, +E97-1, +E97)))," ") -> 0 | G97: =IF(AND(ISNUMBER(G96),ISNUMBER(G102)),IF(G96<G102, +F97+1, (IF(G96>G102, +F97-1, +F97)))," ") -> 1 | H97: =IF(AND(ISNUMBER(H96),ISNUMBER(H102)),IF(H96<H102, +G97+1, (IF(H96>H102, +G97-1, +G97)))," ") -> 0 | I97: =IF(AND(ISNUMBER(I96),ISNUMBER(I102)),IF(I96<I102, +H97+1, (IF(I96>I102, +H97-1, +H97)))," ") -> 0 | J97: =IF(AND(ISNUMBER(J96),ISNUMBER(J102)),IF(J96<J102, +I97+1, (IF(J96>J102, +I97-1, +I97)))," ") -> 1 | K97: =IF(ISNUMBER(J97),IF(F97>4,"Wins " & F97 & " & 4",IF(G97>3,"Wins " & G97 & " & 3",IF(H97>2,"Wins " & H97 & " & 2",IF(I97>1,"Wins " & I97 & " & 1",IF(J97>J103,"Wins " & J97 & " Up",IF(J97<J103,"Loss","Tie"))))))," ") -> Wins 1 Up
A99: =A24 -> Dave | B99: =B24 -> 6 | C99: =C24 -> 4 | D99: =D24 -> 4 | E99: =E24 -> 6 | F99: =F24 -> 4 | G99: =G24 -> 6 | H99: =H24 -> 6 | ... J99: =J24 -> 5 | K99: =SUM(B99:J99) -> 45
A100: =A25 -> 5 | B100: =IF(AND(ISNUMBER($A94),ISNUMBER($A100)),IF((RANK(B$4,$B$4:$J$4,1))<=($A100-$A94),1,0),"") -> 0 | C100: =IF(AND(ISNUMBER($A94),ISNUMBER($A100)),IF((RANK(C$4,$B$4:$J$4,1))<=($A100-$A94),1,0),"") -> 0 | D100: =IF(AND(ISNUMBER($A94),ISNUMBER($A100)),IF((RANK(D$4,$B$4:$J$4,1))<=($A100-$A94),1,0),"") -> 0 | E100: =IF(AND(ISNUMBER($A94),ISNUMBER($A100)),IF((RANK(E$4,$B$4:$J$4,1))<=($A100-$A94),1,0),"") -> 0 | F100: =IF(AND(ISNUMBER($A94),ISNUMBER($A100)),IF((RANK(F$4,$B$4:$J$4,1))<=($A100-$A94),1,0),"") -> 0 | G100: =IF(AND(ISNUMBER($A94),ISNUMBER($A100)),IF((RANK(G$4,$B$4:$J$4,1))<=($A100-$A94),1,0),"") -> 0 | H100: =IF(AND(ISNUMBER($A94),ISNUMBER($A100)),IF((RANK(H$4,$B$4:$J$4,1))<=($A100-$A94),1,0),"") -> 0 | I100: =IF(AND(ISNUMBER($A94),ISNUMBER($A100)),IF((RANK(I$4,$B$4:$J$4,1))<=($A100-$A94),1,0),"") -> 0 | J100: =IF(AND(ISNUMBER($A94),ISNUMBER($A100)),IF((RANK(J$4,$B$4:$J$4,1))<=($A100-$A94),1,0),"") -> 0 | K100: =SUM(B100:J100) -> 0
A101: =IF((A100-A94)>9,(A100-A94-9),0) -> 0 | B101: =IF(AND(ISNUMBER($A95),ISNUMBER($A101)),IF((RANK(B$4,$B$4:$J$4,1))<=($A101-$A95),1,0),"") -> 0 | C101: =IF(AND(ISNUMBER($A95),ISNUMBER($A101)),IF((RANK(C$4,$B$4:$J$4,1))<=($A101-$A95),1,0),"") -> 0 | D101: =IF(AND(ISNUMBER($A95),ISNUMBER($A101)),IF((RANK(D$4,$B$4:$J$4,1))<=($A101-$A95),1,0),"") -> 0 | E101: =IF(AND(ISNUMBER($A95),ISNUMBER($A101)),IF((RANK(E$4,$B$4:$J$4,1))<=($A101-$A95),1,0),"") -> 0 | F101: =IF(AND(ISNUMBER($A95),ISNUMBER($A101)),IF((RANK(F$4,$B$4:$J$4,1))<=($A101-$A95),1,0),"") -> 0 | G101: =IF(AND(ISNUMBER($A95),ISNUMBER($A101)),IF((RANK(G$4,$B$4:$J$4,1))<=($A101-$A95),1,0),"") -> 0 | H101: =IF(AND(ISNUMBER($A95),ISNUMBER($A101)),IF((RANK(H$4,$B$4:$J$4,1))<=($A101-$A95),1,0),"") -> 0 | I101: =IF(AND(ISNUMBER($A95),ISNUMBER($A101)),IF((RANK(I$4,$B$4:$J$4,1))<=($A101-$A95),1,0),"") -> 0 | J101: =IF(AND(ISNUMBER($A95),ISNUMBER($A101)),IF((RANK(J$4,$B$4:$J$4,1))<=($A101-$A95),1,0),"") -> 0 | K101: =SUM(B101:J101) -> 0
B102: =IF(AND(ISNUMBER(B99),ISNUMBER(B100)),B99-B100-B101," ") -> 6 | C102: =IF(AND(ISNUMBER(C99),ISNUMBER(C100)),C99-C100-C101," ") -> 4 | D102: =IF(AND(ISNUMBER(D99),ISNUMBER(D100)),D99-D100-D101," ") -> 4 | E102: =IF(AND(ISNUMBER(E99),ISNUMBER(E100)),E99-E100-E101," ") -> 6 | F102: =IF(AND(ISNUMBER(F99),ISNUMBER(F100)),F99-F100-F101," ") -> 4 | G102: =IF(AND(ISNUMBER(G99),ISNUMBER(G100)),G99-G100-G101," ") -> 6 | H102: =IF(AND(ISNUMBER(H99),ISNUMBER(H100)),H99-H100-H101," ") -> 6 | I102: =IF(AND(ISNUMBER(I99),ISNUMBER(I100)),I99-I100-I101," ") -> 4 | J102: =IF(AND(ISNUMBER(J99),ISNUMBER(J100)),J99-J100-J101," ") -> 5 | K102: =IF(ISNUMBER(FIND("Wins",K103)), 2, IF(ISNUMBER(FIND("Tie",K103)), 1, 0)) -> 0
B103: =IF(AND(ISNUMBER(B96),ISNUMBER(B102)),IF(B102<B96, 0+1, (IF(B102>B96, 0-1, 0)))," ") -> -1 | C103: =IF(AND(ISNUMBER(C96),ISNUMBER(C102)),IF(C102<C96, +B103+1, (IF(C102>C96, +B103-1, +B103)))," ") -> 0 | D103: =IF(AND(ISNUMBER(D96),ISNUMBER(D102)),IF(D102<D96, +C103+1, (IF(D102>D96, +C103-1, +C103)))," ") -> -1 | E103: =IF(AND(ISNUMBER(E96),ISNUMBER(E102)),IF(E102<E96, +D103+1, (IF(E102>E96, +D103-1, +D103)))," ") -> 0 | F103: =IF(AND(ISNUMBER(F96),ISNUMBER(F102)),IF(F102<F96, +E103+1, (IF(F102>F96, +E103-1, +E103)))," ") -> 0 | G103: =IF(AND(ISNUMBER(G96),ISNUMBER(G102)),IF(G102<G96, +F103+1, (IF(G102>G96, +F103-1, +F103)))," ") -> -1 | H103: =IF(AND(ISNUMBER(H96),ISNUMBER(H102)),IF(H102<H96, +G103+1, (IF(H102>H96, +G103-1, +G103)))," ") -> 0 | I103: =IF(AND(ISNUMBER(I96),ISNUMBER(I102)),IF(I102<I96, +H103+1, (IF(I102>I96, +H103-1, +H103)))," ") -> 0 | J103: =IF(AND(ISNUMBER(J96),ISNUMBER(J102)),IF(J102<J96, +I103+1, (IF(J102>J96, +I103-1, +I103)))," ") -> -1 | K103: =IF(ISNUMBER(J103),IF(F103>4,"Wins " & F103 & " & 4",IF(G103>3,"Wins " & G103 & " & 3",IF(H103>2,"Wins " & H103 & " & 2",IF(I103>1,"Wins " & I103 & " & 1",IF(J103>J97,"Wins " & J103 & " Up",IF(J103<J97,"Loss","Tie"))))))," ") -> Loss
A105: Match 6
A106: =A26 -> Hunter | B106: =B26 -> 5 | C106: =C26 -> 4 | D106: =D26 -> 4 | E106: =E26 -> 6 | F106: =F26 -> 3 | G106: =G26 -> 5 | H106: =H26 -> 7 | ... J106: =J26 -> 6 | K106: =SUM(B106:J106) -> 46
A107: =A27 -> 7 | B107: =IF(AND(ISNUMBER($A107),ISNUMBER($A113)),IF((RANK(B$4,$B$4:$J$4,1))<=($A107-$A113),1,0),"") -> 0 | C107: =IF(AND(ISNUMBER($A107),ISNUMBER($A113)),IF((RANK(C$4,$B$4:$J$4,1))<=($A107-$A113),1,0),"") -> 0 | D107: =IF(AND(ISNUMBER($A107),ISNUMBER($A113)),IF((RANK(D$4,$B$4:$J$4,1))<=($A107-$A113),1,0),"") -> 0 | E107: =IF(AND(ISNUMBER($A107),ISNUMBER($A113)),IF((RANK(E$4,$B$4:$J$4,1))<=($A107-$A113),1,0),"") -> 0 | F107: =IF(AND(ISNUMBER($A107),ISNUMBER($A113)),IF((RANK(F$4,$B$4:$J$4,1))<=($A107-$A113),1,0),"") -> 0 | G107: =IF(AND(ISNUMBER($A107),ISNUMBER($A113)),IF((RANK(G$4,$B$4:$J$4,1))<=($A107-$A113),1,0),"") -> 0 | H107: =IF(AND(ISNUMBER($A107),ISNUMBER($A113)),IF((RANK(H$4,$B$4:$J$4,1))<=($A107-$A113),1,0),"") -> 0 | I107: =IF(AND(ISNUMBER($A107),ISNUMBER($A113)),IF((RANK(I$4,$B$4:$J$4,1))<=($A107-$A113),1,0),"") -> 0 | J107: =IF(AND(ISNUMBER($A107),ISNUMBER($A113)),IF((RANK(J$4,$B$4:$J$4,1))<=($A107-$A113),1,0),"") -> 0 | K107: =SUM(B107:J107) -> 0
A108: =IF((A107-A113)>9,(A107-A113-9),0) -> 0 | B108: =IF(AND(ISNUMBER($A108),ISNUMBER($A114)),IF((RANK(B$4,$B$4:$J$4,1))<=($A108-$A114),1,0),"") -> 0 | C108: =IF(AND(ISNUMBER($A108),ISNUMBER($A114)),IF((RANK(C$4,$B$4:$J$4,1))<=($A108-$A114),1,0),"") -> 0 | D108: =IF(AND(ISNUMBER($A108),ISNUMBER($A114)),IF((RANK(D$4,$B$4:$J$4,1))<=($A108-$A114),1,0),"") -> 0 | E108: =IF(AND(ISNUMBER($A108),ISNUMBER($A114)),IF((RANK(E$4,$B$4:$J$4,1))<=($A108-$A114),1,0),"") -> 0 | F108: =IF(AND(ISNUMBER($A108),ISNUMBER($A114)),IF((RANK(F$4,$B$4:$J$4,1))<=($A108-$A114),1,0),"") -> 0 | G108: =IF(AND(ISNUMBER($A108),ISNUMBER($A114)),IF((RANK(G$4,$B$4:$J$4,1))<=($A108-$A114),1,0),"") -> 0 | H108: =IF(AND(ISNUMBER($A108),ISNUMBER($A114)),IF((RANK(H$4,$B$4:$J$4,1))<=($A108-$A114),1,0),"") -> 0 | I108: =IF(AND(ISNUMBER($A108),ISNUMBER($A114)),IF((RANK(I$4,$B$4:$J$4,1))<=($A108-$A114),1,0),"") -> 0 | J108: =IF(AND(ISNUMBER($A108),ISNUMBER($A114)),IF((RANK(J$4,$B$4:$J$4,1))<=($A108-$A114),1,0),"") -> 0 | K108: =SUM(B108:J108) -> 0
B109: =IF(AND(ISNUMBER(B106),ISNUMBER(B107)),B106-B107-B108," ") -> 5 | C109: =IF(AND(ISNUMBER(C106),ISNUMBER(C107)),C106-C107-C108," ") -> 4 | D109: =IF(AND(ISNUMBER(D106),ISNUMBER(D107)),D106-D107-D108," ") -> 4 | E109: =IF(AND(ISNUMBER(E106),ISNUMBER(E107)),E106-E107-E108," ") -> 6 | F109: =IF(AND(ISNUMBER(F106),ISNUMBER(F107)),F106-F107-F108," ") -> 3 | G109: =IF(AND(ISNUMBER(G106),ISNUMBER(G107)),G106-G107-G108," ") -> 5 | H109: =IF(AND(ISNUMBER(H106),ISNUMBER(H107)),H106-H107-H108," ") -> 7 | I109: =IF(AND(ISNUMBER(I106),ISNUMBER(I107)),I106-I107-I108," ") -> 6 | J109: =IF(AND(ISNUMBER(J106),ISNUMBER(J107)),J106-J107-J108," ") -> 6 | K109: =IF(ISNUMBER(FIND("Wins",K110)), 2, IF(ISNUMBER(FIND("Tie",K110)), 1, 0)) -> 2
B110: =IF(AND(ISNUMBER(B109),ISNUMBER(B115)),IF(B109<B115, 0+1, (IF(B109>B115, 0-1, 0)))," ") -> 1 | C110: =IF(AND(ISNUMBER(C109),ISNUMBER(C115)),IF(C109<C115, +B110+1, (IF(C109>C115, +B110-1, +B110)))," ") -> 2 | D110: =IF(AND(ISNUMBER(D109),ISNUMBER(D115)),IF(D109<D115, +C110+1, (IF(D109>D115, +C110-1, +C110)))," ") -> 2 | E110: =IF(AND(ISNUMBER(E109),ISNUMBER(E115)),IF(E109<E115, +D110+1, (IF(E109>E115, +D110-1, +D110)))," ") -> 3 | F110: =IF(AND(ISNUMBER(F109),ISNUMBER(F115)),IF(F109<F115, +E110+1, (IF(F109>F115, +E110-1, +E110)))," ") -> 4 | G110: =IF(AND(ISNUMBER(G109),ISNUMBER(G115)),IF(G109<G115, +F110+1, (IF(G109>G115, +F110-1, +F110)))," ") -> 3 | H110: =IF(AND(ISNUMBER(H109),ISNUMBER(H115)),IF(H109<H115, +G110+1, (IF(H109>H115, +G110-1, +G110)))," ") -> 2 | I110: =IF(AND(ISNUMBER(I109),ISNUMBER(I115)),IF(I109<I115, +H110+1, (IF(I109>I115, +H110-1, +H110)))," ") -> 3 | J110: =IF(AND(ISNUMBER(J109),ISNUMBER(J115)),IF(J109<J115, +I110+1, (IF(J109>J115, +I110-1, +I110)))," ") -> 3 | K110: =IF(ISNUMBER(J110),IF(F110>4,"Wins " & F110 & " & 4",IF(G110>3,"Wins " & G110 & " & 3",IF(H110>2,"Wins " & H110 & " & 2",IF(I110>1,"Wins " & I110 & " & 1",IF(J110>J116,"Wins " & J110 & " Up",IF(J110<J116,"Loss","Tie"))))))," ") -> Wins 3 & 1
A112: =A28 -> Gerald C | B112: =B28 -> 8 | C112: =C28 -> 6 | D112: =D28 -> 5 | E112: =E28 -> 9 | F112: =F28 -> 4 | G112: =G28 -> 5 | H112: =H28 -> 6 | ... J112: =J28 -> 7 | K112: =SUM(B112:J112) -> 58
A113: =A29 -> 12 | B113: =IF(AND(ISNUMBER($A107),ISNUMBER($A113)),IF((RANK(B$4,$B$4:$J$4,1))<=($A113-$A107),1,0),"") -> 0 | C113: =IF(AND(ISNUMBER($A107),ISNUMBER($A113)),IF((RANK(C$4,$B$4:$J$4,1))<=($A113-$A107),1,0),"") -> 1 | D113: =IF(AND(ISNUMBER($A107),ISNUMBER($A113)),IF((RANK(D$4,$B$4:$J$4,1))<=($A113-$A107),1,0),"") -> 1 | E113: =IF(AND(ISNUMBER($A107),ISNUMBER($A113)),IF((RANK(E$4,$B$4:$J$4,1))<=($A113-$A107),1,0),"") -> 0 | F113: =IF(AND(ISNUMBER($A107),ISNUMBER($A113)),IF((RANK(F$4,$B$4:$J$4,1))<=($A113-$A107),1,0),"") -> 0 | G113: =IF(AND(ISNUMBER($A107),ISNUMBER($A113)),IF((RANK(G$4,$B$4:$J$4,1))<=($A113-$A107),1,0),"") -> 1 | H113: =IF(AND(ISNUMBER($A107),ISNUMBER($A113)),IF((RANK(H$4,$B$4:$J$4,1))<=($A113-$A107),1,0),"") -> 1 | I113: =IF(AND(ISNUMBER($A107),ISNUMBER($A113)),IF((RANK(I$4,$B$4:$J$4,1))<=($A113-$A107),1,0),"") -> 0 | J113: =IF(AND(ISNUMBER($A107),ISNUMBER($A113)),IF((RANK(J$4,$B$4:$J$4,1))<=($A113-$A107),1,0),"") -> 1 | K113: =SUM(B113:J113) -> 5
...

Sheet Day 1 - Match 2
A2: Hole | B2: =Courses!C10 -> 10 | C2: =Courses!D10 -> 11 | D2: =Courses!E10 -> 12 | E2: =Courses!F10 -> 13 | F2: =Courses!G10 -> 14 | G2: =Courses!H10 -> 15 | H2: =Courses!I10 -> 16 | I2: =Courses!J10 -> 17 | J2: =Courses!K10 -> 18
A3: Par | B3: =Courses!C11 -> 5 | C3: =Courses!D11 -> 4 | D3: =Courses!E11 -> 5 | E3: =Courses!F11 -> 3 | F3: =Courses!G11 -> 4 | G3: =Courses!H11 -> 3 | H3: =Courses!I11 -> 4 | I3: =Courses!J11 -> 4 | J3: =Courses!K11 -> 4 | K3: =SUM(B3:J3) -> 36 | P3: **For winners put in a "1"
A4: Handicap | B4: =Courses!C12 -> 12 | C4: =Courses!D12 -> 4 | D4: =Courses!E12 -> 14 | E4: =Courses!F12 -> 10 | F4: =Courses!G12 -> 2 | G4: =Courses!H12 -> 18 | H4: =Courses!I12 -> 8 | I4: =Courses!J12 -> 6 | J4: =Courses!K12 -> 16 | P4: #10 | Q4: #6 | R4: #18 | T4: #16
M5: Player | N5: Score | O5: Match Play | P5: =Results!C40 -> Long Drive | Q5: =Results!D40 -> Closest to Pin | R5: =Results!E40 -> Long Putt | S5: =Results!F40 -> Secret Snowman | T5: =Results!G40 -> Closest to Pin | V5: 1 | W5: 2 | X5: 3 | Y5: 4 | Z5: 5
A6: =Matchups!C3 -> Mil | B6: 6 | C6: 4 | D6: 6 | E6: 4 | F6: 9 | G6: 5 | H6: 6 | I6: 3 | J6: 4 | K6: =SUM(B6:J6) -> 47 | M6: =A6 -> Mil | N6: =K6 -> 47 | O6: =K44 -> 0 | V6: =IF($S$39=V$5,S6*V$5,"") -> 0 | W6: =IF($S$39=W$5,S6*W$5,"") | X6: =IF($S$39=X$5,S6*X$5,"") | Y6: =IF($S$39=Y$5,S6*Y$5,"") | Z6: =IF($S$39=Z$5,S6*Z$5,"") | AA6: =IF(SUM(V6:Z6)=0,0,Setup!F$44/SUM(V6:Z6)) -> 0
A7: =Matchups!C4 -> 6 | M7: =A7 -> 6 | N7: =K7 -> 0 | V7: =IF($S$39=V$5,S7*V$5,"") -> 0 | W7: =IF($S$39=W$5,S7*W$5,"") | X7: =IF($S$39=X$5,S7*X$5,"") | Y7: =IF($S$39=Y$5,S7*Y$5,"") | Z7: =IF($S$39=Z$5,S7*Z$5,"") | AA7: =IF(SUM(V7:Z7)=0,0,Setup!F$44/SUM(V7:Z7)) -> 0
A8: =Matchups!C5 -> John | B8: 5 | C8: 5 | D8: 8 | E8: 4 | F8: 5 | G8: 3 | H8: 4 | I8: 4 | J8: 5 | K8: =SUM(B8:J8) -> 43 | M8: =A8 -> John | N8: =K8 -> 43 | O8: =K57 -> 2 | V8: =IF($S$39=V$5,S8*V$5,"") -> 0 | W8: =IF($S$39=W$5,S8*W$5,"") | X8: =IF($S$39=X$5,S8*X$5,"") | Y8: =IF($S$39=Y$5,S8*Y$5,"") | Z8: =IF($S$39=Z$5,S8*Z$5,"") | AA8: =IF(SUM(V8:Z8)=0,0,Setup!F$44/SUM(V8:Z8)) -> 0
A9: =Matchups!C6 -> 7 | M9: =A9 -> 7 | N9: =K9 -> 0 | V9: =IF($S$39=V$5,S9*V$5,"") -> 0 | W9: =IF($S$39=W$5,S9*W$5,"") | X9: =IF($S$39=X$5,S9*X$5,"") | Y9: =IF($S$39=Y$5,S9*Y$5,"") | Z9: =IF($S$39=Z$5,S9*Z$5,"") | AA9: =IF(SUM(V9:Z9)=0,0,Setup!F$44/SUM(V9:Z9)) -> 0
A10: =Matchups!C7 -> Brian P | B10: 7 | C10: 7 | D10: 5 | E10: 3 | F10: 5 | G10: 4 | H10: 4 | I10: 7 | J10: 5 | K10: =SUM(B10:J10) -> 47 | M10: =A10 -> Brian P | N10: =K10 -> 47 | O10: =K50 -> 2 | V10: =IF($S$39=V$5,S10*V$5,"") -> 0 | W10: =IF($S$39=W$5,S10*W$5,"") | X10: =IF($S$39=X$5,S10*X$5,"") | Y10: =IF($S$39=Y$5,S10*Y$5,"") | Z10: =IF($S$39=Z$5,S10*Z$5,"") | AA10: =IF(SUM(V10:Z10)=0,0,Setup!F$44/SUM(V10:Z10)) -> 0
A11: =Matchups!C8 -> 6 | M11: =A11 -> 6 | N11: =K11 -> 0 | V11: =IF($S$39=V$5,S11*V$5,"") -> 0 | W11: =IF($S$39=W$5,S11*W$5,"") | X11: =IF($S$39=X$5,S11*X$5,"") | Y11: =IF($S$39=Y$5,S11*Y$5,"") | Z11: =IF($S$39=Z$5,S11*Z$5,"") | AA11: =IF(SUM(V11:Z11)=0,0,Setup!F$44/SUM(V11:Z11)) -> 0
A12: =Matchups!C9 -> Pat | B12: 7 | C12: 6 | D12: 6 | E12: 4 | F12: 4 | G12: 4 | H12: 4 | I12: 6 | J12: 4 | K12: =SUM(B12:J12) -> 45 | M12: =A12 -> Pat | N12: =K12 -> 45 | O12: =K63 -> 0 | V12: =IF($S$39=V$5,S12*V$5,"") -> 0 | W12: =IF($S$39=W$5,S12*W$5,"") | X12: =IF($S$39=X$5,S12*X$5,"") | Y12: =IF($S$39=Y$5,S12*Y$5,"") | Z12: =IF($S$39=Z$5,S12*Z$5,"") | AA12: =IF(SUM(V12:Z12)=0,0,Setup!F$44/SUM(V12:Z12)) -> 0
A13: =Matchups!C10 -> 6 | M13: =A13 -> 6 | N13: =K13 -> 0 | V13: =IF($S$39=V$5,S13*V$5,"") -> 0 | W13: =IF($S$39=W$5,S13*W$5,"") | X13: =IF($S$39=X$5,S13*X$5,"") | Y13: =IF($S$39=Y$5,S13*Y$5,"") | Z13: =IF($S$39=Z$5,S13*Z$5,"") | AA13: =IF(SUM(V13:Z13)=0,0,Setup!F$44/SUM(V13:Z13)) -> 0
A14: =Matchups!C11 -> Rick | B14: 6 | C14: 7 | D14: 6 | E14: 3 | F14: 6 | G14: 3 | H14: 4 | I14: 5 | J14: 4 | K14: =SUM(B14:J14) -> 44 | M14: =A14 -> Rick | N14: =K14 -> 44 | O14: =K70 -> 2 | V14: =IF($S$39=V$5,S14*V$5,"") -> 0 | W14: =IF($S$39=W$5,S14*W$5,"") | X14: =IF($S$39=X$5,S14*X$5,"") | Y14: =IF($S$39=Y$5,S14*Y$5,"") | Z14: =IF($S$39=Z$5,S14*Z$5,"") | AA14: =IF(SUM(V14:Z14)=0,0,Setup!F$44/SUM(V14:Z14)) -> 0
A15: =Matchups!C12 -> 7 | M15: =A15 -> 7 | N15: =K15 -> 0 | V15: =IF($S$39=V$5,S15*V$5,"") -> 0 | W15: =IF($S$39=W$5,S15*W$5,"") | X15: =IF($S$39=X$5,S15*X$5,"") | Y15: =IF($S$39=Y$5,S15*Y$5,"") | Z15: =IF($S$39=Z$5,S15*Z$5,"") | AA15: =IF(SUM(V15:Z15)=0,0,Setup!F$44/SUM(V15:Z15)) -> 0
A16: =Matchups!C13 -> Keith | B16: 7 | C16: 7 | D16: 8 | E16: 5 | F16: 7 | G16: 3 | H16: 5 | I16: 6 | J16: 7 | K16: =SUM(B16:J16) -> 55 | M16: =A16 -> Keith | N16: =K16 -> 55 | O16: =K83 -> 2 | P16: 1 | V16: =IF($S$39=V$5,S16*V$5,"") -> 0 | W16: =IF($S$39=W$5,S16*W$5,"") | X16: =IF($S$39=X$5,S16*X$5,"") | Y16: =IF($S$39=Y$5,S16*Y$5,"") | Z16: =IF($S$39=Z$5,S16*Z$5,"") | AA16: =IF(SUM(V16:Z16)=0,0,Setup!F$44/SUM(V16:Z16)) -> 0
A17: =Matchups!C14 -> 16 | M17: =A17 -> 16 | N17: =K17 -> 0 | V17: =IF($S$39=V$5,S17*V$5,"") -> 0 | W17: =IF($S$39=W$5,S17*W$5,"") | X17: =IF($S$39=X$5,S17*X$5,"") | Y17: =IF($S$39=Y$5,S17*Y$5,"") | Z17: =IF($S$39=Z$5,S17*Z$5,"") | AA17: =IF(SUM(V17:Z17)=0,0,Setup!F$44/SUM(V17:Z17)) -> 0
A18: =Matchups!C15 -> Tony W | B18: 8 | C18: 6 | D18: 6 | E18: 3 | F18: 6 | G18: 3 | H18: 5 | I18: 7 | J18: 8 | K18: =SUM(B18:J18) -> 52 | M18: =A18 -> Tony W | N18: =K18 -> 52 | O18: =K76 -> 0 | V18: =IF($S$39=V$5,S18*V$5,"") -> 0 | W18: =IF($S$39=W$5,S18*W$5,"") | X18: =IF($S$39=X$5,S18*X$5,"") | Y18: =IF($S$39=Y$5,S18*Y$5,"") | Z18: =IF($S$39=Z$5,S18*Z$5,"") | AA18: =IF(SUM(V18:Z18)=0,0,Setup!F$44/SUM(V18:Z18)) -> 0
A19: =Matchups!C16 -> 10 | M19: =A19 -> 10 | N19: =K19 -> 0 | V19: =IF($S$39=V$5,S19*V$5,"") -> 0 | W19: =IF($S$39=W$5,S19*W$5,"") | X19: =IF($S$39=X$5,S19*X$5,"") | Y19: =IF($S$39=Y$5,S19*Y$5,"") | Z19: =IF($S$39=Z$5,S19*Z$5,"") | AA19: =IF(SUM(V19:Z19)=0,0,Setup!F$44/SUM(V19:Z19)) -> 0
A20: =Matchups!C17 -> Manny | B20: 10 | C20: 9 | D20: 9 | E20: 4 | F20: 5 | G20: 8 | H20: 4 | I20: 9 | J20: 9 | K20: =SUM(B20:J20) -> 67 | M20: =A20 -> Manny | N20: =K20 -> 67 | O20: =K89 -> 0 | V20: =IF($S$39=V$5,S20*V$5,"") -> 0 | W20: =IF($S$39=W$5,S20*W$5,"") | X20: =IF($S$39=X$5,S20*X$5,"") | Y20: =IF($S$39=Y$5,S20*Y$5,"") | Z20: =IF($S$39=Z$5,S20*Z$5,"") | AA20: =IF(SUM(V20:Z20)=0,0,Setup!F$44/SUM(V20:Z20)) -> 0
A21: =Matchups!C18 -> 14 | M21: =A21 -> 14 | N21: =K21 -> 0 | V21: =IF($S$39=V$5,S21*V$5,"") -> 0 | W21: =IF($S$39=W$5,S21*W$5,"") | X21: =IF($S$39=X$5,S21*X$5,"") | Y21: =IF($S$39=Y$5,S21*Y$5,"") | Z21: =IF($S$39=Z$5,S21*Z$5,"") | AA21: =IF(SUM(V21:Z21)=0,0,Setup!F$44/SUM(V21:Z21)) -> 0
A22: =Matchups!C19 -> Tommy | B22: 7 | C22: 6 | D22: 7 | E22: 4 | F22: 5 | G22: 3 | H22: 4 | I22: 4 | J22: 4 | K22: =SUM(B22:J22) -> 44 | M22: =A22 -> Tommy | N22: =K22 -> 44 | O22: =K96 -> 2 | V22: =IF($S$39=V$5,S22*V$5,"") -> 0 | W22: =IF($S$39=W$5,S22*W$5,"") | X22: =IF($S$39=X$5,S22*X$5,"") | Y22: =IF($S$39=Y$5,S22*Y$5,"") | Z22: =IF($S$39=Z$5,S22*Z$5,"") | AA22: =IF(SUM(V22:Z22)=0,0,Setup!F$44/SUM(V22:Z22)) -> 0
A23: =Matchups!C20 -> 5 | M23: =A23 -> 5 | N23: =K23 -> 0 | V23: =IF($S$39=V$5,S23*V$5,"") -> 0 | W23: =IF($S$39=W$5,S23*W$5,"") | X23: =IF($S$39=X$5,S23*X$5,"") | Y23: =IF($S$39=Y$5,S23*Y$5,"") | Z23: =IF($S$39=Z$5,S23*Z$5,"") | AA23: =IF(SUM(V23:Z23)=0,0,Setup!F$44/SUM(V23:Z23)) -> 0
A24: =Matchups!C21 -> Dave | B24: 8 | C24: 5 | D24: 6 | E24: 4 | F24: 4 | G24: 3 | H24: 5 | I24: 4 | J24: 4 | K24: =SUM(B24:J24) -> 43 | M24: =A24 -> Dave | N24: =K24 -> 43 | O24: =K109 -> 2 | V24: =IF($S$39=V$5,S24*V$5,"") -> 0 | W24: =IF($S$39=W$5,S24*W$5,"") | X24: =IF($S$39=X$5,S24*X$5,"") | Y24: =IF($S$39=Y$5,S24*Y$5,"") | Z24: =IF($S$39=Z$5,S24*Z$5,"") | AA24: =IF(SUM(V24:Z24)=0,0,Setup!F$44/SUM(V24:Z24)) -> 0
A25: =Matchups!C22 -> 5 | M25: =A25 -> 5 | N25: =K25 -> 0 | V25: =IF($S$39=V$5,S25*V$5,"") -> 0 | W25: =IF($S$39=W$5,S25*W$5,"") | X25: =IF($S$39=X$5,S25*X$5,"") | Y25: =IF($S$39=Y$5,S25*Y$5,"") | Z25: =IF($S$39=Z$5,S25*Z$5,"") | AA25: =IF(SUM(V25:Z25)=0,0,Setup!F$44/SUM(V25:Z25)) -> 0
A26: =Matchups!C23 -> Hunter | B26: 5 | C26: 6 | D26: 7 | E26: 6 | F26: 7 | G26: 4 | H26: 5 | I26: 9 | J26: 9 | K26: =SUM(B26:J26) -> 58 | M26: =A26 -> Hunter | N26: =K26 -> 58 | O26: =K102 -> 0 | V26: =IF($S$39=V$5,S26*V$5,"") -> 0 | W26: =IF($S$39=W$5,S26*W$5,"") | X26: =IF($S$39=X$5,S26*X$5,"") | Y26: =IF($S$39=Y$5,S26*Y$5,"") | Z26: =IF($S$39=Z$5,S26*Z$5,"") | AA26: =IF(SUM(V26:Z26)=0,0,Setup!F$44/SUM(V26:Z26)) -> 0
A27: =Matchups!C24 -> 7 | M27: =A27 -> 7 | N27: =K27 -> 0 | V27: =IF($S$39=V$5,S27*V$5,"") -> 0 | W27: =IF($S$39=W$5,S27*W$5,"") | X27: =IF($S$39=X$5,S27*X$5,"") | Y27: =IF($S$39=Y$5,S27*Y$5,"") | Z27: =IF($S$39=Z$5,S27*Z$5,"") | AA27: =IF(SUM(V27:Z27)=0,0,Setup!F$44/SUM(V27:Z27)) -> 0
A28: =Matchups!C25 -> Gerald C | B28: 6 | C28: 8 | D28: 7 | E28: 6 | F28: 8 | G28: 3 | H28: 5 | I28: 5 | J28: 6 | K28: =SUM(B28:J28) -> 54 | M28: =A28 -> Gerald C | N28: =K28 -> 54 | O28: =K115 -> 0 | S28: 1 | V28: =IF($S$39=V$5,S28*V$5,"") -> 1 | W28: =IF($S$39=W$5,S28*W$5,"") | X28: =IF($S$39=X$5,S28*X$5,"") | Y28: =IF($S$39=Y$5,S28*Y$5,"") | Z28: =IF($S$39=Z$5,S28*Z$5,"") | AA28: =IF(SUM(V28:Z28)=0,0,Setup!F$44/SUM(V28:Z28)) -> 20
A29: =Matchups!C26 -> 12 | M29: =A29 -> 12 | N29: =K29 -> 0 | V29: =IF($S$39=V$5,S29*V$5,"") -> 0 | W29: =IF($S$39=W$5,S29*W$5,"") | X29: =IF($S$39=X$5,S29*X$5,"") | Y29: =IF($S$39=Y$5,S29*Y$5,"") | Z29: =IF($S$39=Z$5,S29*Z$5,"") | AA29: =IF(SUM(V29:Z29)=0,0,Setup!F$44/SUM(V29:Z29)) -> 0
A30: =Matchups!C27 -> Bob | B30: 6 | C30: 7 | D30: 7 | E30: 3 | F30: 7 | G30: 4 | H30: 8 | I30: 4 | J30: 5 | K30: =SUM(B30:J30) -> 51 | M30: =A30 -> Bob | N30: =K30 -> 51 | O30: =K122 -> 2 | R30: 1 | V30: =IF($S$39=V$5,S30*V$5,"") -> 0 | W30: =IF($S$39=W$5,S30*W$5,"") | X30: =IF($S$39=X$5,S30*X$5,"") | Y30: =IF($S$39=Y$5,S30*Y$5,"") | Z30: =IF($S$39=Z$5,S30*Z$5,"") | AA30: =IF(SUM(V30:Z30)=0,0,Setup!F$44/SUM(V30:Z30)) -> 0
A31: =Matchups!C28 -> 10 | M31: =A31 -> 10 | N31: =K31 -> 0 | V31: =IF($S$39=V$5,S31*V$5,"") -> 0 | W31: =IF($S$39=W$5,S31*W$5,"") | X31: =IF($S$39=X$5,S31*X$5,"") | Y31: =IF($S$39=Y$5,S31*Y$5,"") | Z31: =IF($S$39=Z$5,S31*Z$5,"") | AA31: =IF(SUM(V31:Z31)=0,0,Setup!F$44/SUM(V31:Z31)) -> 0
A32: =Matchups!C29 -> Patrick | B32: 9 | C32: 5 | D32: 10 | E32: 3 | F32: 5 | G32: 4 | H32: 5 | I32: 5 | J32: 5 | K32: =SUM(B32:J32) -> 51 | M32: =A32 -> Patrick | N32: =K32 -> 51 | O32: =K135 -> 0 | V32: =IF($S$39=V$5,S32*V$5,"") -> 0 | W32: =IF($S$39=W$5,S32*W$5,"") | X32: =IF($S$39=X$5,S32*X$5,"") | Y32: =IF($S$39=Y$5,S32*Y$5,"") | Z32: =IF($S$39=Z$5,S32*Z$5,"") | AA32: =IF(SUM(V32:Z32)=0,0,Setup!F$44/SUM(V32:Z32)) -> 0
